hospital_id,country_id,hospital_name,city,location
1,49,SOUTHEAST ALABAMA MEDICAL CENTER,DOTHAN,"1108 ROSS CLARK CIRCLE DOTHAN, AL 36301 (31.214058, -85.361725)"
2,36,MARSHALL MEDICAL CENTER SOUTH,BOAZ,"2505 U S HIGHWAY 431 NORTH BOAZ, AL 35957"
3,57,ELIZA COFFEE MEMORIAL HOSPITAL,FLORENCE,"205 MARENGO STREET FLORENCE, AL 35631 (34.79366, -87.684348)"
4,86,MIZELL MEMORIAL HOSPITAL,OPP,"702 N MAIN ST OPP, AL 36467 (31.291972, -86.255415)"
5,73,CRENSHAW COMMUNITY HOSPITAL,LUVERNE,"101 HOSPITAL CIRCLE LUVERNE, AL 36049 (31.692595, -86.266156)"
6,34,ST VINCENT'S EAST,BIRMINGHAM,"50 MEDICAL PARK EAST DRIVE BIRMINGHAM, AL 35235 (33.595351, -86.665182)"
7,59,DEKALB REGIONAL MEDICAL CENTER,FORT PAYNE,"200 MED CENTER DRIVE FORT PAYNE, AL 35968"
8,20,SHELBY BAPTIST MEDICAL CENTER,ALABASTER,"1000 FIRST STREET NORTH ALABASTER, AL 35007 (33.253679, -86.814261)"
9,33,CALLAHAN EYE HOSPITAL,BIRMINGHAM,"1720 UNIVERSITY BLVD BIRMINGHAM, AL 35233 (33.503137, -86.802401)"
10,95,HELEN KELLER MEMORIAL HOSPITAL,SHEFFIELD,"1300 SOUTH MONTGOMERY AVENUE SHEFFIELD, AL 35660 (34.748249, -87.698866)"
11,87,DALE MEDICAL CENTER,OZARK,"126 HOSPITAL AVE OZARK, AL 36360 (31.451345, -85.630966)"
12,41,FLOYD CHEROKEE MEDICAL CENTER,CENTRE,"400 NORTHWOOD DR CENTRE, AL 35960 (34.162761, -85.65142)"
13,80,BAPTIST MEDICAL CENTER SOUTH,MONTGOMERY,"2105 EAST SOUTH BOULEVARD MONTGOMERY, AL 36116 (32.327144, -86.276764)"
14,79,JACKSON HOSPITAL & CLINIC INC,MONTGOMERY,"1725 PINE STREET MONTGOMERY, AL 36106 (32.366606, -86.285155)"
15,85,EAST ALABAMA MEDICAL CENTER,OPELIKA,"2000 PEPPERELL PARKWAY OPELIKA, AL 36801 (32.638055, -85.404003)"
16,102,TANNER MEDICAL CENTER-EAST ALABAMA,WEDOWEE,"1032 MAIN STREET SOUTH WEDOWEE, AL 36278 (33.296666, -85.480028)"
17,33,UNIVERSITY OF ALABAMA HOSPITAL,BIRMINGHAM,"619 SOUTH 19TH STREET BIRMINGHAM, AL 35233 (33.506129, -86.801922)"
18,98,COMMUNITY HOSPITAL INC,TALLASSEE,"805 FRIENDSHIP ROAD TALLASSEE, AL 36078 (32.535293, -85.911996)"
19,45,CULLMAN REGIONAL MEDICAL CENTER,CULLMAN,"1912 ALABAMA HIGHWAY 157 CULLMAN, AL 35058 (34.198587, -86.805641)"
20,22,ANDALUSIA HEALTH,ANDALUSIA,"849 SOUTH THREE NOTCH STREET ANDALUSIA, AL 36420 (31.297462, -86.495599)"
21,23,STRINGFELLOW MEMORIAL HOSPITAL,ANNISTON,"301 EAST 18TH ST ANNISTON, AL 36201 (33.667701, -85.825025)"
22,69,HUNTSVILLE HOSPITAL,HUNTSVILLE,"101 SIVLEY RD HUNTSVILLE, AL 35801 (34.721226, -86.581547)"
23,61,GADSDEN REGIONAL MEDICAL CENTER,GADSDEN,"1007 GOODYEAR AVENUE GADSDEN, AL 35903 (34.009389, -85.96752)"
24,68,MARION REGIONAL MEDICAL CENTER,HAMILTON,"1256 MILITARY STREET SOUTH HAMILTON, AL 35570 (34.125852, -87.989806)"
25,56,FAYETTE MEDICAL CENTER,FAYETTE,"1653 TEMPLE AVENUE NORTH FAYETTE, AL 35555 (33.707708, -87.823706)"
26,60,RIVERVIEW REGIONAL MEDICAL CENTER,GADSDEN,"600 SOUTH THIRD STREET GADSDEN, AL 35901 (34.003811, -86.004086)"
27,63,GEORGIANA MEDICAL CENTER,GEORGIANA,"515 N MIRANDA AVENUE GEORGIANA, AL 36033 (31.636334, -86.742751)"
28,51,MEDICAL CENTER ENTERPRISE,ENTERPRISE,"400 N EDWARDS STREET ENTERPRISE, AL 36330 (31.318191, -85.855308)"
29,53,GREENE COUNTY HOSPITAL,EUTAW,"509 WILSON AVENUE EUTAW, AL 35462 (32.844744, -87.889307)"
30,46,LAKE MARTIN COMMUNITY HOSPITAL,DADEVILLE,"201 MARIARDEN ROAD DADEVILLE, AL 36853 (32.8187, -85.741758)"
31,50,FLOWERS HOSPITAL,DOTHAN,"4370 WEST MAIN STREET DOTHAN, AL 36305 (31.235991, -85.457937)"
32,30,ST VINCENT'S BIRMINGHAM,BIRMINGHAM,"810 ST VINCENT'S DRIVE BIRMINGHAM, AL 35205 (33.508015, -86.788755)"
33,42,BIBB MEDICAL CENTER,CENTREVILLE,"208 PIERSON AVE CENTREVILLE, AL 35042 (32.951101, -87.147865)"
34,82,LAWRENCE MEDICAL CENTER,MOULTON,"202 HOSPITAL STREET MOULTON, AL 35650 (34.482884, -87.286019)"
35,93,HIGHLANDS MEDICAL CENTER,SCOTTSBORO,"380 WOODS COVE ROAD SCOTTSBORO, AL 35768 (34.661254, -86.047116)"
36,62,WIREGRASS MEDICAL CENTER,GENEVA,"1200 W MAPLE AVENUE GENEVA, AL 36340 (31.048063, -85.890837)"
37,21,RUSSELL MEDICAL CENTER,ALEXANDER CITY,"3316 HIGHWAY 280 ALEXANDER CITY, AL 35010 (32.93103, -85.968394)"
38,52,MEDICAL CENTER BARBOUR,EUFAULA,"820 W WASHINGTON ST EUFAULA, AL 36027 (31.88798, -85.156613)"
39,25,CLAY COUNTY HOSPITAL,ASHLAND,"83825 HIGHWAY 9 P O BOX 1270 ASHLAND, AL 36251 (33.276548, -85.823789)"
40,24,NORTHEAST ALABAMA REGIONAL MEDICAL CENTER,ANNISTON,"400 EAST 10TH STREET ANNISTON, AL 36207 (33.657123, -85.823353)"
41,26,ATHENS LIMESTONE HOSPITAL,ATHENS,"700 WEST MARKET STREET ATHENS, AL 35611 (34.803499, -86.977803)"
42,58,SOUTH BALDWIN REGIONAL MEDICAL CENTER,FOLEY,"1613 NORTH MCKENZIE STREET FOLEY, AL 36535 (30.426109, -87.683187)"
43,47,DECATUR MORGAN HOSPITAL-DECATUR CAMPUS,DECATUR,"1201 7TH STREET SE DECATUR, AL 35601 (34.591168, -86.972621)"
44,104,NORTHWEST MEDICAL CENTER,WINFIELD,"1530 U S HIGHWAY 43 WINFIELD, AL 35594 (33.929316, -87.824507)"
45,76,UNIVERSITY OF SOUTH ALABAMA MEDICAL CENTER,MOBILE,"2451 FILLINGIM STREET MOBILE, AL 36617 (30.708121, -88.099441)"
46,72,WALKER BAPTIST MEDICAL CENTER,JASPER,"3400 HIGHWAY 78 EAST JASPER, AL 35502 (33.841142, -87.236879)"
47,75,PROVIDENCE HOSPITAL,MOBILE,"6801 AIRPORT BOULEVARD MOBILE, AL 36608 (30.68169, -88.198329)"
48,66,GROVE HILL MEMORIAL HOSPITAL,GROVE HILL,"295 JACKSON HWY S GROVE HILL, AL 36451 (31.694213, -87.777231)"
49,100,D C H REGIONAL MEDICAL CENTER,TUSCALOOSA,"809 UNIVERSITY BOULEVARD EAST TUSCALOOSA, AL 35401 (33.20613, -87.525154)"
50,64,HALE COUNTY HOSPITAL,GREENSBORO,"508 GREEN STREET GREENSBORO, AL 36744 (32.412098, -87.018633)"
51,103,ELMORE COMMUNITY HOSPITAL,WETUMPKA,"500 HOSPITAL DRIVE WETUMPKA, AL 36092 (32.551957, -86.185643)"
52,37,D W MCMILLAN MEMORIAL HOSPITAL,BREWTON,"1301 BELLEVILLE AVENUE BREWTON, AL 36426 (31.127105, -87.072378)"
53,55,THOMAS HOSPITAL,FAIRHOPE,"750 MORPHY AVENUE FAIRHOPE, AL 36532 (30.519999, -87.890333)"
54,97,CITIZENS BAPTIST MEDICAL CENTER,TALLADEGA,"604 STONE AVENUE TALLADEGA, AL 35161 (33.439801, -86.090641)"
55,39,J PAUL JONES HOSPITAL,CAMDEN,"317 MCWILLIAMS AVENUE CAMDEN, AL 36726 (31.996611, -87.299424)"
56,32,PRINCETON BAPTIST MEDICAL CENTER,BIRMINGHAM,"701 PRINCETON AVENUE SOUTHWEST BIRMINGHAM, AL 35211 (33.499133, -86.846016)"
57,35,GRANDVIEW MEDICAL CENTER,BIRMINGHAM,"3690 GRANDVIEW PARKWAY BIRMINGHAM, AL 35243 (33.434363, -86.720483)"
58,90,PRATTVILLE BAPTIST HOSPITAL,PRATTVILLE,"124 S MEMORIAL DR PRATTVILLE, AL 36067 (32.464423, -86.450936)"
59,40,PICKENS COUNTY MEDICAL CENTER,CARROLLTON,"241 ROBERT K WILSON DRIVE CARROLLTON, AL 35447 (33.274807, -88.089673)"
60,101,BULLOCK COUNTY HOSPITAL,UNION SPRINGS,"102 WEST CONECUH AVENUE UNION SPRINGS, AL 36089 (32.146182, -85.71638)"
61,48,BRYAN W. WHITFIELD MEMORIAL HOSPITAL,DEMOPOLIS,"105 HIGHWAY 80 EAST DEMOPOLIS, AL 36732 (32.503676, -87.836744)"
62,77,MOBILE INFIRMARY MEDICAL CENTER,MOBILE,"5 MOBILE INFIRMARY CIRCLE MOBILE, AL 36652 (30.696443, -88.081017)"
63,29,"MEDICAL WEST, AN AFFILIATE OF UAB HEALTH SYSTEM",BESSEMER,"995 9TH AVENUE SOUTHWEST BESSEMER, AL 35021 (33.373086, -86.991709)"
64,94,VAUGHAN REGIONAL MEDICAL CENTER PARKWAY CAMPUS,SELMA,"1015 MEDICAL CENTER PARKWAY SELMA, AL 36701 (32.430248, -87.055174)"
65,78,MONROE COUNTY HOSPITAL,MONROEVILLE,"2016 SOUTH ALABAMA AVENUE, BOX 886 MONROEVILLE, AL 36460 (31.497839, -87.319411)"
66,67,LAKELAND COMMUNITY HOSPITAL,HALEYVILLE,"42024 HIGHWAY 195 E HALEYVILLE, AL 35565 (34.241718, -87.589857)"
67,99,TROY REGIONAL MEDICAL CENTER,TROY,"1330 HIGHWAY 231 SOUTH TROY, AL 36081 (31.780322, -85.945529)"
68,70,JACKSON MEDICAL CENTER,JACKSON,"220 HOSPITAL DRIVE JACKSON, AL 36545 (31.530482, -87.89318)"
69,28,NORTH BALDWIN INFIRMARY,BAY MINETTE,"1815 HAND AVENUE BAY MINETTE, AL 36507 (30.902492, -87.783318)"
70,88,ST VINCENT'S ST CLAIR,PELL CITY,"7063 VETERANS PARKWAY PELL CITY, AL 35125 (33.605568, -86.30238)"
71,69,CRESTWOOD MEDICAL CENTER,HUNTSVILLE,"ONE HOSPITAL DR SE HUNTSVILLE, AL 35801"
72,105,HILL HOSPITAL OF SUMTER COUNTY,YORK,"751 DERBY DRIVE YORK, AL 36925 (32.491825, -88.296081)"
73,31,BROOKWOOD BAPTIST MEDICAL CENTER,BIRMINGHAM,"2010 BROOKWOOD MEDICAL CENTER DRIVE BIRMINGHAM, AL 35209 (33.46291, -86.77685)"
74,75,SPRINGHILL MEMORIAL HOSPITAL,MOBILE,"3719 DAUPHIN STREET MOBILE, AL 36608 (30.685946, -88.131719)"
75,71,RMC JACKSONVILLE,JACKSONVILLE,"1701 SOUTH PELHAM ROAD JACKSONVILLE, AL 36265 (33.785191, -85.761263)"
76,54,EVERGREEN MEDICAL CENTER,EVERGREEN,"101 CRESTVIEW AVENUE EVERGREEN, AL 36401 (31.43126, -86.94205)"
77,81,BAPTIST MEDICAL CENTER EAST,MONTGOMERY,"400 TAYLOR ROAD MONTGOMERY, AL 36117 (32.376821, -86.172095)"
78,65,L V STABLER MEMORIAL HOSPITAL,GREENVILLE,"29 L V STABLER DRIVE GREENVILLE, AL 36037 (31.82945, -86.64586)"
79,83,SHOALS HOSPITAL,MUSCLE SHOALS,"201 WEST AVALON AVENUE MUSCLE SHOALS, AL 35661 (34.744941, -87.676511)"
80,92,RUSSELLVILLE HOSPITAL,RUSSELLVILLE,"15155 HIGHWAY 43 RUSSELLVILLE, AL 35653 (34.511165, -87.717585)"
81,96,COOSA VALLEY MEDICAL CENTER,SYLACAUGA,"315 W HICKORY ST SYLACAUGA, AL 35150 (33.164666, -86.254598)"
82,89,JACK HUGHSTON MEMORIAL HOSPITAL,PHENIX CITY,"4401 RIVER CHASE DRIVE PHENIX CITY, AL 36867 (32.509045, -85.005696)"
83,27,ATMORE COMMUNITY HOSPITAL,ATMORE,"401 MEDICAL PARK DRIVE ATMORE, AL 36502 (31.01657, -87.479735)"
84,44,ST VINCENT'S CHILTON,CLANTON,"2030 LAY DAM ROAD CLANTON, AL 35045 (32.876585, -86.623511)"
85,43,WASHINGTON COUNTY HOSPITAL,CHATOM,"14600 ST. STEPHENS AVENUE CHATOM, AL 36518 (31.460296, -88.235291)"
86,91,RED BAY HOSPITAL,RED BAY,"211 HOSPITAL ROAD RED BAY, AL 35582 (34.457425, -88.146934)"
87,38,CHOCTAW GENERAL HOSPITAL,BUTLER,"401 VANITY FAIR LANE, PO BOX 618 BUTLER, AL 36904"
88,84,ST VINCENTS BLOUNT,ONEONTA,"150 GILBREATH DRIVE ONEONTA, AL 35121 (33.932537, -86.493059)"
89,33,CHILDREN'S HOSPITAL OF ALABAMA,BIRMINGHAM,"1600 SEVENTH AVENUE SOUTH BIRMINGHAM, AL 35233 (33.503222, -86.805381)"
90,74,UNIVERSITY OF S A CHILDREN'S AND WOMEN'S HOS,MOBILE,"1700 CENTER STREET MOBILE, AL 36604 (30.696082, -88.076883)"
91,1,PROVIDENCE ALASKA MEDICAL CENTER,ANCHORAGE,"3200 PROVIDENCE DRIVE ANCHORAGE, AK 99508 (61.189798, -149.817622)"
92,13,MAT-SU REGIONAL MEDICAL CENTER,PALMER,"2500 SOUTH WOODWORTH LOOP PALMER, AK 99645 (61.561217, -149.258718)"
93,8,BARTLETT REGIONAL HOSPITAL,JUNEAU,"3260 HOSPITAL DR JUNEAU, AK 99801 (58.328696, -134.466829)"
94,6,FAIRBANKS MEMORIAL HOSPITAL,FAIRBANKS,"1650 COWLES STREET FAIRBANKS, AK 99701 (64.831407, -147.736254)"
95,1,ALASKA REGIONAL HOSPITAL,ANCHORAGE,"2801 DEBARR ROAD ANCHORAGE, AK 99508 (61.20979, -149.827379)"
96,3,YUKON KUSKOKWIM DELTA REG HOSPITAL,BETHEL,"PO BOX 287 BETHEL, AK 99559"
97,17,CENTRAL PENINSULA GENERAL HOSPITAL,SOLDOTNA,"250 HOSPITAL PLACE SOLDOTNA, AK 99669 (60.493865, -151.077658)"
98,1,ALASKA NATIVE MEDICAL CENTER,ANCHORAGE,"4315 DIPLOMACY DR ANCHORAGE, AK 99508 (61.18189, -149.800578)"
99,18,PROVIDENCE VALDEZ MEDICAL CENTER,VALDEZ,"PO BOX 550 VALDEZ, AK 99686"
100,15,PROVIDENCE SEWARD HOSPITAL,SEWARD,"417 FIRST AVENUE, PO BOX 365 SEWARD, AK 99664 (60.105046, -149.445383)"
101,16,SITKA COMMUNITY HOSPITAL,SITKA,"209 MOLLER DRIVE SITKA, AK 99835 (57.058992, -135.345929)"
102,14,PETERSBURG MEDICAL CENTER,PETERSBURG,"PO BOX 589 PETERSBURG, AK 99833"
103,19,WRANGELL MEDICAL CENTER,WRANGELL,"310 BENNETT STREET PO BOX 1081 WRANGELL, AK 99929 (56.471646, -132.376414)"
104,10,PROVIDENCE KODIAK ISLAND MEDICAL CTR,KODIAK,"1915 EAST REZANOF DRIVE KODIAK, AK 99615 (57.800835, -152.373943)"
105,4,CORDOVA COMMUNITY MEDICAL CENTER,CORDOVA,"PO BOX 160 - 602 CHASE AVENUE CORDOVA, AK 99574"
106,12,NORTON SOUND REGIONAL HOSPITAL,NOME,"1000 GREG KRUSCHEK AVENUE (P O BOX 966) NOME, AK 99762"
107,5,KANAKANAK HOSPITAL,DILLINGHAM,"P O BOX 130 DILLINGHAM, AK 99576"
108,11,MANIILAQ HEALTH CENTER,KOTZEBUE,"PO BOX 43 KOTZEBUE, AK 99752"
109,9,KETCHIKAN MEDICAL CENTER,KETCHIKAN,"3100 TONGASS AVENUE KETCHIKAN, AK 99901 (55.352717, -131.686049)"
110,2,SAMUEL SIMMONDS MEMORIAL HOSPITAL,BARROW,"7000 UULA ST BARROW, AK 99723 (71.298135, -156.72732)"
111,7,SOUTH PENINSULA HOSPITAL,HOMER,"4300 BARTLETT ST HOMER, AK 99603 (59.652133, -151.550296)"
112,16,MT EDGECUMBE HOSPITAL,SITKA,"222 TONGASS DR SITKA, AK 99835 (57.05201, -135.356353)"
113,210,BANNER - UNIVERSITY MEDICAL CENTER PHOENIX,PHOENIX,"1111 EAST MCDOWELL ROAD PHOENIX, AZ 85006 (33.465724, -112.058127)"
114,236,TUCSON MEDICAL CENTER,TUCSON,"5301 EAST GRANT ROAD TUCSON, AZ 85712 (32.250749, -110.880169)"
115,184,VERDE VALLEY MEDICAL CENTER,COTTONWOOD,"269 SOUTH CANDY LANE COTTONWOOD, AZ 86326 (34.736201, -112.031784)"
116,240,ST. MARY'S HOSPITAL,TUCSON,"1601 WEST ST MARY'S ROAD TUCSON, AZ 85745 (32.228923, -111.000032)"
117,235,ST JOSEPH'S HOSPITAL,TUCSON,"350 NORTH WILMOT ROAD TUCSON, AZ 85711 (32.225946, -110.857838)"
118,221,YAVAPAI REGIONAL MEDICAL CENTER,PRESCOTT,"1003 WILLOW CREEK ROAD PRESCOTT, AZ 86301 (34.55938, -112.482065)"
119,245,YUMA REGIONAL MEDICAL CENTER,YUMA,"2400 SOUTH AVENUE A YUMA, AZ 85364 (32.683899, -114.633238)"
120,215,JOHN C. LINCOLN NORTH MOUNTAIN HOSPITAL,PHOENIX,"250 EAST DUNLAP AVENUE PHOENIX, AZ 85020 (33.567754, -112.07063)"
121,181,BANNER CASA GRANDE MEDICAL CENTER,CASA GRANDE,"1800 EAST FLORENCE BOULEVARD CASA GRANDE, AZ 85122 (32.879608, -111.709253)"
122,211,MARICOPA MEDICAL CENTER,PHOENIX,"2601 EAST ROOSEVELT STREET PHOENIX, AZ 85008 (33.458525, -112.02643)"
123,185,FLAGSTAFF MEDICAL CENTER,FLAGSTAFF,"1200 NORTH BEAVER STREET FLAGSTAFF, AZ 86001 (35.209534, -111.644835)"
124,212,ST. JOSEPH'S HOSPITAL AND MEDICAL CENTER,PHOENIX,"350 WEST THOMAS ROAD PHOENIX, AZ 85013 (33.480294, -112.079208)"
125,213,ABRAZO CENTRAL CAMPUS,PHOENIX,"2000 WEST BETHANY HOME ROAD PHOENIX, AZ 85015 (33.524116, -112.101934)"
126,182,CHANDLER REGIONAL MEDICAL CENTER,CHANDLER,"1955 WEST FRYE ROAD CHANDLER, AZ 85224 (33.298691, -111.873508)"
127,210,ST LUKE'S MEDICAL CENTER,PHOENIX,"1800 EAST VAN BUREN STREET PHOENIX, AZ 85006 (33.451436, -112.042767)"
128,225,SCOTTSDALE OSBORN MEDICAL CENTER,SCOTTSDALE,"7400 EAST OSBORN ROAD SCOTTSDALE, AZ 85251 (33.487639, -111.922725)"
129,230,CANYON VISTA MEDICAL CENTER,SIERRA VISTA,"5700 EAST HIGHWAY 90 SIERRA VISTA, AZ 85635 (31.554635, -110.230726)"
130,197,KINGMAN REGIONAL MEDICAL CENTER,KINGMAN,"3269 STOCKTON HILL ROAD KINGMAN, AZ 86409 (35.219907, -114.035813)"
131,232,BANNER BOSWELL MEDICAL CENTER,SUN CITY,"10401 WEST THUNDERBIRD BOULEVARD SUN CITY, AZ 85351 (33.604798, -112.282538)"
132,229,SUMMIT HEALTHCARE REGIONAL MEDICAL CENTER,SHOW LOW,"2200 EAST SHOW LOW LAKE ROAD SHOW LOW, AZ 85901 (34.201967, -110.01839)"
133,238,BANNER - UNIVERSITY MEDICAL CENTER TUCSON CAMPUS,TUCSON,"1501 NORTH CAMPBELL AVENUE TUCSON, AZ 85724 (32.240663, -110.944717)"
134,200,BANNER DESERT MEDICAL CENTER,MESA,"1400 SOUTH DOBSON ROAD MESA, AZ 85202 (33.39091, -111.874624)"
135,224,MT. GRAHAM REGIONAL MEDICAL CENTER,SAFFORD,"1600 SOUTH 20TH AVENUE SAFFORD, AZ 85546 (32.821883, -109.732994)"
136,198,HAVASU REGIONAL MEDICAL CENTER,LAKE HAVASU CITY,"101 CIVIC CENTER LANE LAKE HAVASU CITY, AZ 86403 (34.47998, -114.338537)"
137,186,FORT DEFIANCE INDIAN HOSPITAL,FORT DEFIANCE,"PO BOX 649 FORT DEFIANCE, AZ 86504"
138,234,TUBA CITY REGIONAL HEALTH CARE CORPORATION,TUBA CITY,"PO BOX 600 TUBA CITY, AZ 86045"
139,228,SELLS HOSPITAL,SELLS,"HIGHWAY 86, AT TOPAWA ROAD SELLS, AZ 85634"
140,209,SAN CARLOS APACHE HEALTHCARE,PERIDOT,"103 MEDICINE WAY ROAD PERIDOT, AZ 85542"
141,214,PHOENIX INDIAN MEDICAL CENTER,PHOENIX,"4212 NORTH 16TH STREET PHOENIX, AZ 85016 (33.49701, -112.047613)"
142,217,ABRAZO SCOTTSDALE CAMPUS,PHOENIX,"3929 EAST BELL ROAD PHOENIX, AZ 85032 (33.640603, -111.997692)"
143,183,CHINLE COMPREHENSIVE HEALTH CARE FACILITY,CHINLE,"US HWY 191, HOSPITAL ROAD CHINLE, AZ 86503"
144,239,NORTHWEST MEDICAL CENTER,TUCSON,"6200 NORTH LA CHOLLA BOULEVARD TUCSON, AZ 85741 (32.319581, -111.012054)"
145,227,SCOTTSDALE SHEA MEDICAL CENTER,SCOTTSDALE,"9003 EAST SHEA BOULEVARD SCOTTSDALE, AZ 85260 (33.582467, -111.886032)"
146,201,BANNER BAYWOOD MEDICAL CENTER,MESA,"6644 EAST BAYWOOD AVENUE MESA, AZ 85206 (33.410465, -111.688045)"
147,191,BANNER THUNDERBIRD MEDICAL CENTER,GLENDALE,"5555 WEST THUNDERBIRD ROAD GLENDALE, AZ 85306 (33.610731, -112.178698)"
148,216,HONORHEALTH DEER VALLEY MEDICAL CENTER,PHOENIX,"19829 NORTH 27TH AVENUE PHOENIX, AZ 85027 (33.666425, -112.117188)"
149,233,BANNER DEL E. WEBB MEDICAL CENTER,SUN CITY WEST,"14502 WEST MEEKER BOULEVARD SUN CITY WEST, AZ 85375 (33.658307, -112.371939)"
150,192,ABRAZO ARROWHEAD CAMPUS,GLENDALE,"18701 NORTH 67TH AVENUE GLENDALE, AZ 85308 (33.655042, -112.202889)"
151,180,WESTERN ARIZONA REGIONAL MEDICAL CENTER,BULLHEAD CITY,"2735 SILVER CREEK ROAD BULLHEAD CITY, AZ 86442 (35.109853, -114.555146)"
152,219,MAYO CLINIC HOSPITAL,PHOENIX,"5777 EAST MAYO BOULEVARD PHOENIX, AZ 85054 (33.663312, -111.955659)"
153,201,BANNER HEART HOSPITAL,MESA,"6750 EAST BAYWOOD AVENUE MESA, AZ 85206 (33.410378, -111.685273)"
154,201,ARIZONA SPINE AND JOINT HOSPITAL,MESA,"4620 EAST BASELINE ROAD MESA, AZ 85206 (33.379206, -111.734695)"
155,213,"CORE INSTITUTE SPECIALTY HOSPITAL, THE",PHOENIX,"6501 NORTH 19TH AVENUE PHOENIX, AZ 85015 (33.531837, -112.099614)"
156,195,ABRAZO WEST CAMPUS,GOODYEAR,"13677 WEST MCDOWELL ROAD GOODYEAR, AZ 85395 (33.464283, -112.354024)"
157,237,BANNER-UNIVERSITY MEDICAL CENTER SOUTH CAMPUS,TUCSON,"2800 EAST AJO WAY TUCSON, AZ 85713 (32.177882, -110.930891)"
158,182,ARIZONA SPECIALTY HOSPITAL,CHANDLER,"2905 WEST WARNER ROAD, SUITE 1 CHANDLER, AZ 85224 (33.33484, -111.891133)"
159,241,WHITERIVER PHS INDIAN HOSPITAL,WHITERIVER,"200 WEST HOSPITAL DRIVE (PO BOX 860) WHITERIVER, AZ 85941 (33.875976, -109.959528)"
160,205,ORO VALLEY HOSPITAL,ORO VALLEY,"1551 EAST TANGERINE ROAD ORO VALLEY, AZ 85755 (32.427183, -110.94954)"
161,218,BANNER ESTRELLA MEDICAL CENTER,PHOENIX,"9201 WEST THOMAS ROAD PHOENIX, AZ 85037 (33.479558, -112.257936)"
162,187,VALLEY VIEW MEDICAL CENTER,FORT MOHAVE,"5330 SOUTH HIGHWAY 95 FORT MOHAVE, AZ 86426 (35.002363, -114.597954)"
163,190,MERCY GILBERT MEDICAL CENTER,GILBERT,"3555 SOUTH VAL VISTA DRIVE GILBERT, AZ 85297 (33.286661, -111.755311)"
164,202,"MOUNTAIN VISTA MEDICAL CENTER, LP",MESA,"1301 SOUTH CRISMON ROAD MESA, AZ 85209 (33.3911, -111.615329)"
165,189,BANNER GATEWAY MEDICAL CENTER,GILBERT,"1900 NORTH HIGLEY ROAD GILBERT, AZ 85234 (33.384225, -111.719634)"
166,226,SCOTTSDALE THOMPSON PEAK MEDICAL CENTER,SCOTTSDALE,"7400 EAST THOMPSON PEAK PARKWAY SCOTTSDALE, AZ 85255 (33.669777, -111.921803)"
167,222,BANNER IRONWOOD MEDICAL CENTER,QUEEN CREEK,"37000 NORTH GANTZEL ROAD QUEEN CREEK, AZ 85140 (33.214839, -111.563447)"
168,211,O.A.S.I.S. HOSPITAL,PHOENIX,"750 NORTH 40TH STREET PHOENIX, AZ 85008 (33.45672, -111.99521)"
169,177,BANNER GOLDFIELD MEDICAL CENTER,APACHE JUNCTION,"2050 WEST SOUTHERN AVENUE APACHE JUNCTION, AZ 85120 (33.393343, -111.566796)"
170,199,DIGNITY HEALTH - ARIZONA GENERAL HOSPITAL,LAVEEN,"7171 SOUTH 51ST AVENUE LAVEEN, AZ 85339 (33.380677, -112.168233)"
171,196,SANTA CRUZ VALLEY REGIONAL HOSPITAL,GREEN VALLEY,"4455 SOUTH I-19 FRONTAGE ROAD GREEN VALLEY, AZ 85614 (31.807943, -111.010966)"
172,194,WESTERN REGIONAL MEDICAL CENTER,GOODYEAR,"14200 WEST CELEBRATE LIFE WAY GOODYEAR, AZ 85338 (33.452804, -112.362571)"
173,242,WICKENBURG COMMUNITY HOSPITAL,WICKENBURG,"520 ROSE LANE WICKENBURG, AZ 85390 (33.978056, -112.738825)"
174,178,BENSON HOSPITAL,BENSON,"450 SOUTH OCOTILLO AVENUE BENSON, AZ 85602 (31.964829, -110.307123)"
175,243,"NORTHERN COCHISE COMMUNITY HOSPITAL, INC.",WILLCOX,"901 WEST REX ALLEN DRIVE WILLCOX, AZ 85643 (32.264268, -109.837613)"
176,206,PAGE HOSPITAL,PAGE,"501 NORTH NAVAJO DRIVE PAGE, AZ 86040 (36.91696, -111.463186)"
177,220,HOPI HEALTH CARE CENTER,POLACCA,"HIGHWAY 264, MILEPOST 388 POLACCA, AZ 86042"
178,207,PARKER INDIAN HEALTH CENTER,PARKER,"12033 AGENCY ROAD PARKER, AZ 85344 (34.146494, -114.301314)"
179,223,HUHU KAM MEMORIAL HOSPITAL,SACATON,"483 WEST SEED FARM ROAD SACATON, AZ 85147 (33.074122, -111.75908)"
180,188,SAGE MEMORIAL HOSPITAL,GANADO,"STATE ROUTE 264 SOUTH 191 GANADO, AZ 86505"
181,244,LITTLE COLORADO MEDICAL CENTER,WINSLOW,"1501 NORTH WILLIAMSON AVENUE WINSLOW, AZ 86047 (35.035455, -110.691742)"
182,179,COPPER QUEEN COMMUNITY HOSPITAL,BISBEE,"101 COLE AVENUE BISBEE, AZ 85603 (31.417254, -109.8826)"
183,204,HOLY CROSS HOSPITAL,NOGALES,"1171 WEST TARGET RANGE ROAD NOGALES, AZ 85621 (31.341118, -110.958734)"
184,193,COBRE VALLEY REGIONAL MEDICAL CENTER,GLOBE,"5880 SOUTH HOSPITAL DRIVE GLOBE, AZ 85501 (33.407206, -110.826224)"
185,231,WHITE MOUNTAIN REGIONAL MEDICAL CENTER,SPRINGERVILLE,"118 SOUTH MOUNTAIN AVENUE SPRINGERVILLE, AZ 85938 (34.132136, -109.286545)"
186,207,LA PAZ REGIONAL HOSPITAL,PARKER,"1200 WEST MOHAVE ROAD PARKER, AZ 85344 (34.135137, -114.285597)"
187,208,BANNER PAYSON MEDICAL CENTER,PAYSON,"807 SOUTH PONDEROSA DRIVE PAYSON, AZ 85541 (34.231351, -111.321361)"
188,214,PHOENIX CHILDREN'S HOSPITAL,PHOENIX,"1919 EAST THOMAS ROAD PHOENIX, AZ 85016 (33.480216, -112.041193)"
189,203,"HACIENDA CHILDREN'S HOSPITAL, INC.",MESA,"610 WEST JEROME AVENUE MESA, AZ 85210 (33.381128, -111.844892)"
190,168,SILOAM SPRINGS REGIONAL HOSPITAL,SILOAM SPRINGS,"603 NORTH PROGRESS AVENUE SILOAM SPRINGS, AR 72761 (36.190377, -94.509658)"
191,115,JOHNSON REGIONAL MEDICAL CENTER,CLARKSVILLE,"1100 EAST POPLAR STREET CLARKSVILLE, AR 72830 (35.464384, -93.445797)"
192,127,WASHINGTON REGIONAL MEDICAL CENTER,FAYETTEVILLE,"3215 N NORTH HILLS BOULEVARD FAYETTEVILLE, AR 72703 (36.110984, -94.157862)"
193,143,CHI-ST VINCENT INFIRMARY,LITTLE ROCK,"TWO ST VINCENT CIRCLE LITTLE ROCK, AR 72205"
194,163,MERCY HOSPITAL NORTHWEST ARKANSAS,ROGERS,"2710 SOUTH RIFE MEDICAL LANE ROGERS, AR 72758 (36.309562, -94.184709)"
195,120,CHAMBERS MEMORIAL HOSPITAL,DANVILLE,"719 DETROIT STREET DANVILLE, AR 72833 (35.054823, -93.388543)"
196,166,WHITE COUNTY MEDICAL CENTER,SEARCY,"3214 EAST RACE AVENUE SEARCY, AR 72143 (35.250446, -91.696758)"
197,148,MENA REGIONAL HEALTH SYSTEM,MENA,"311 NORTH MORROW STREET MENA, AR 71953 (34.588386, -94.221383)"
198,143,UAMS MEDICAL CENTER,LITTLE ROCK,"4301 WEST MARKHAM STREET MAIL SLOT 612 LITTLE ROCK, AR 72205 (34.751583, -92.320998)"
199,133,NORTH ARKANSAS REGIONAL MEDICAL CENTER,HARRISON,"620 NORTH MAIN STREET HARRISON, AR 72601 (36.236281, -93.107148)"
200,172,SPARKS MEDICAL CENTER - VAN BUREN,VAN BUREN,"EAST MAIN AND SOUTH 20TH STREET VAN BUREN, AR 72956"
201,129,FORREST CITY MEDICAL CENTER,FORREST CITY,"1601 NEWCASTLE ROAD FORREST CITY, AR 72335 (35.039275, -90.771894)"
202,140,ST BERNARDS MEDICAL CENTER,JONESBORO,"225 E JACKSON JONESBORO, AR 72401 (35.837478, -90.702142)"
203,170,NORTHWEST MEDICAL CENTER-SPRINGDALE,SPRINGDALE,"609 WEST MAPLE AVENUE SPRINGDALE, AR 72764 (36.181394, -94.136464)"
204,138,CHI ST. VINCENT HOSPITAL HOT SPRINGS,HOT SPRINGS,"300 WERNER STREET HOT SPRINGS, AR 71903 (34.466035, -93.066396)"
205,151,BAXTER REGIONAL MEDICAL CENTER,MOUNTAIN HOME,"624 HOSPITAL DRIVE MOUNTAIN HOME, AR 72653 (36.343067, -92.395905)"
206,118,CONWAY REGIONAL MEDICAL CENTER,CONWAY,"2302 COLLEGE AVENUE CONWAY, AR 72034 (35.084826, -92.457103)"
207,155,BAPTIST HEALTH MEDICAL CENTER NORTH LITTLE ROCK,NORTH LITTLE ROCK,"3333 SPRINGHILL DRIVE NORTH LITTLE ROCK, AR 72117 (34.784075, -92.218633)"
208,158,ARKANSAS METHODIST MEDICAL CENTER,PARAGOULD,"900 WEST KINGSHIGHWAY PARAGOULD, AR 72450 (36.052593, -90.499051)"
209,164,ST MARYS REGIONAL MEDICAL CENTER,RUSSELLVILLE,"1808 WEST MAIN STREET RUSSELLVILLE, AR 72801 (35.28286, -93.149908)"
210,162,FIVE RIVERS MEDICAL CENTER,POCAHONTAS,"2801 MEDICAL CENTER DRIVE POCAHONTAS, AR 72455 (36.289911, -90.996334)"
211,114,OUACHITA COUNTY MEDICAL CENTER,CAMDEN,"638 CALIFORNIA AVENUE CAMDEN, AR 71701"
212,149,DREW MEMORIAL HOSPITAL,MONTICELLO,"778 SCOGIN DRIVE MONTICELLO, AR 71655 (33.610628, -91.814978)"
213,130,SPARKS REGIONAL MEDICAL CENTER,FORT SMITH,"1001 TOWSON AVENUE FORT SMITH, AR 72902 (35.374527, -94.421311)"
214,131,MERCY HOSPITAL FORT SMITH,FORT SMITH,"7301 ROGERS AVE FORT SMITH, AR 72917 (35.353647, -94.352964)"
215,145,MAGNOLIA HOSPITAL,MAGNOLIA,"101 HOSPITAL DRIVE MAGNOLIA, AR 71754 (33.275123, -93.240071)"
216,111,GREAT RIVER MEDICAL CENTER,BLYTHEVILLE,"1520 N DIVISION STREET BLYTHEVILLE, AR 72315 (35.943011, -89.918929)"
217,161,JEFFERSON REGIONAL MEDICAL CENTER,PINE BLUFF,"1600 WEST 40TH AVENUE PINE BLUFF, AR 71603 (34.189066, -92.018453)"
218,171,BAPTIST HEALTH MEDICAL CENTER-STUTTGART,STUTTGART,"1703 NORTH BUERKLE ST STUTTGART, AR 72160 (34.517773, -91.557572)"
219,139,NORTH METRO MEDICAL CENTER,JACKSONVILLE,"1400 BRADEN STREET JACKSONVILLE, AR 72076 (34.872381, -92.124697)"
220,146,BAPTIST HEALTH MEDICAL CENTER-HOT SPRINGS COUNTY,MALVERN,"1001 SCHNEIDER DRIVE MALVERN, AR 72104 (34.358913, -92.786418)"
221,137,NATIONAL PARK MEDICAL CENTER,HOT SPRINGS,"1910 MALVERN AVENUE HOT SPRINGS, AR 71901 (34.486239, -93.033554)"
222,109,SALINE MEMORIAL HOSPITAL,BENTON,"#1 MEDICAL PARK DRIVE BENTON, AR 72015 (34.573552, -92.584405)"
223,135,HELENA REGIONAL MEDICAL CENTER,HELENA,"1801 MARTIN LUTHER KING JR DRIVE HELENA, AR 72342 (34.508357, -90.62733)"
224,125,MEDICAL CENTER OF SOUTH ARKANSAS,EL DORADO,"700 WEST GROVE STREET EL DORADO, AR 71730 (33.218378, -92.67103)"
225,143,BAPTIST HEALTH MEDICAL CENTER-LITTLE ROCK,LITTLE ROCK,"9601 INTERSTATE 630, EXIT 7 LITTLE ROCK, AR 72205 (34.75356, -92.4007)"
226,140,NEA BAPTIST MEMORIAL HOSPITAL,JONESBORO,"4800 EAST JOHNSON AVENUE JONESBORO, AR 72401 (35.864204, -90.639107)"
227,108,WHITE RIVER MEDICAL CENTER,BATESVILLE,"1710 HARRISON STREET BATESVILLE, AR 72503 (35.769572, -91.634721)"
228,137,LEVI HOSPITAL,HOT SPRINGS,"300 PROSPECT AVE HOT SPRINGS, AR 71901 (34.509945, -93.056649)"
229,144,"ARKANSAS HEART HOSPITAL, LLC",LITTLE ROCK,"1701 S SHACKLEFORD ROAD LITTLE ROCK, AR 72211 (34.739159, -92.394421)"
230,167,ST VINCENT MEDICAL CENTER/NORTH,SHERWOOD,"2215 WILDWOOD AVENUE SHERWOOD, AR 72120 (34.814378, -92.207514)"
231,154,ARKANSAS SURGICAL HOSPITAL,NO LITTLE ROCK,"5201 NORTH SHORE DRIVE NO LITTLE ROCK, AR 72118 (34.801458, -92.347687)"
232,127,NORTHWEST HEALTH PHYSICIANS SPECIALTY HOSPITAL,FAYETTEVILLE,"3873 NORTH PARKVIEW DRIVE FAYETTEVILLE, AR 72703 (36.12133, -94.13373)"
233,136,WADLEY REGIONAL MEDICAL CENTER AT HOPE,HOPE,"2001 SOUTH MAIN HOPE, AR 71801 (33.648008, -93.587052)"
234,117,BAPTIST HEALTH MEDICAL CENTER-CONWAY,CONWAY,"1555 EXCHANGE AVENUE CONWAY, AR 72032"
235,140,ARKANSAS CONTINUED CARE HOSPITAL OF JONESBORO,JONESBORO,"3024 RED WOLFE BOULEVARD, SUITE 1 JONESBORO, AR 72401 (35.811403, -90.669085)"
236,159,NORTH LOGAN MERCY HOSPITAL,PARIS,"500 EAST ACADEMY PARIS, AR 72855 (35.289988, -93.725419)"
237,121,RIVER VALLEY MEDICAL CENTER,DARDANELLE,"200 NORTH THIRD STREET DARDANELLE, AR 72834 (35.220917, -93.156987)"
238,157,MERCY HOSPITAL TURNER MEMORIAL,OZARK,"801 WEST RIVER STREET OZARK, AR 72949 (35.486118, -93.833805)"
239,126,"EUREKA SPRINGS HOSPITAL, LLC",EUREKA SPRINGS,"24 NORRIS STREET EUREKA SPRINGS, AR 72632 (36.400433, -93.744699)"
240,173,MERCY HOSPITAL WALDRON,WALDRON,"1341 WEST SIXTH STREET WALDRON, AR 72958 (34.896785, -94.106078)"
241,113,"IZARD COUNTY MEDICAL CENTER, LLC",CALICO ROCK,"61 GRASSE STREET CALICO ROCK, AR 72519 (36.126336, -92.128587)"
242,176,CROSSRIDGE COMMUNITY HOSPITAL,WYNNE,"310 SOUTH FALLS BOULEVARD WYNNE, AR 72396 (35.220353, -90.787421)"
243,147,MCGEHEE HOSPITAL,MCGEHEE,"900 SOUTH THIRD STREET MCGEHEE, AR 71654 (33.618285, -91.393066)"
244,174,LAWRENCE MEMORIAL HOSPITAL,WALNUT RIDGE,"1309 WEST MAIN WALNUT RIDGE, AR 72476 (36.074701, -90.966982)"
245,152,STONE COUNTY MEDICAL CENTER,MOUNTAIN VIEW,"2106 EAST MAIN STREET MOUNTAIN VIEW, AR 72560 (35.855598, -92.082727)"
246,153,HOWARD MEMORIAL HOSPITAL,NASHVILLE,"130 MEDICAL CIRCLE NASHVILLE, AR 71852 (33.950926, -93.880772)"
247,134,BAPTIST HEALTH MEDICAL CENTER HEBER SPINGS,HEBER SPRINGS,"1800 BYPASS ROAD HEBER SPRINGS, AR 72543 (35.506578, -92.001319)"
248,116,OZARK HEALTH,CLINTON,"2500 HIGHWAY 65 SOUTH CLINTON, AR 72031 (35.559375, -92.449913)"
249,123,"DEWITT HOSPITAL & NURSING HOME, INC",DE WITT,"1641 WHITEHEAD DRIVE DE WITT, AR 72042 (34.279598, -91.336892)"
250,156,SOUTH MISSISSISSPI COUNTY REGIONAL MEDICAL CENTER,OSCEOLA,"611 WEST LEE AVENUE OSCEOLA, AR 72370 (35.700249, -89.97493)"
251,128,DALLAS COUNTY MEDICAL CENTER,FORDYCE,"201 CLIFTON STREET FORDYCE, AR 71742 (33.811158, -92.425058)"
252,112,MERCY HOSPITAL BOONEVILLE,BOONEVILLE,"880 WEST MAIN BOONEVILLE, AR 72927 (35.140979, -93.934703)"
253,122,"DE QUEEN MEDICAL CENTER, INC",DE QUEEN,"1306 WEST COLLIN RAYE DRIVE DE QUEEN, AR 71832 (34.046642, -94.351919)"
254,107,LITTLE RIVER MEMORIAL HOSPITAL,ASHDOWN,"451 WEST LOCKE STREET ASHDOWN, AR 71822 (33.669572, -94.135025)"
255,106,BAPTIST HEALTH MEDICAL CENTER-ARKADELPHIA,ARKADELPHIA,"3050 TWIN RIVERS DRIVE ARKADELPHIA, AR 71923 (34.122802, -93.08797)"
256,165,FULTON COUNTY HOSPITAL,SALEM,"679 NORTH MAIN STREET SALEM, AR 72576 (36.383359, -91.811203)"
257,119,ASHLEY COUNTY MEDICAL CENTER,CROSSETT,"1015 UNITY ROAD CROSSETT, AR 71635 (33.137206, -91.93878)"
258,150,CHI ST VINCENT MORRILTON,MORRILTON,"#4 HOSPITAL DRIVE MORRILTON, AR 72110 (35.16997, -92.721702)"
259,124,DELTA MEMORIAL HOSPITAL,DUMAS,"811 HIGHWAY 65 SOUTH DUMAS, AR 71639 (33.873294, -91.4815)"
260,175,BRADLEY COUNTY MEDICAL CENTER,WARREN,"404 SOUTH BRADLEY STREET WARREN, AR 71671 (33.610538, -92.058665)"
261,141,CHICOT MEMORIAL MEDICAL CENTER,LAKE VILLAGE,"2729 SOUTH HIGHWAY 65 &amp; 82 LAKE VILLAGE, AR 71653"
262,110,MERCY HOSPITAL BERRYVILLE,BERRYVILLE,"214 CARTER STREET BERRYVILLE, AR 72616 (36.358225, -93.551993)"
263,160,PIGGOTT COMMUNITY HOSPITAL,PIGGOTT,"1206 GORDON DUCKWORTH DRIVE PIGGOTT, AR 72454 (36.390183, -90.204259)"
264,132,OZARKS COMMUNITY HOSPITAL OF GRAVETTE,GRAVETTE,"1101 JACKSON STREET SW GRAVETTE, AR 72736 (36.408563, -94.45987)"
265,142,ARKANSAS CHILDREN'S HOSPITAL,LITTLE ROCK,"1 CHILDREN'S WAY, SLOT 301 LITTLE ROCK, AR 72202 (34.742822, -92.292006)"
266,169,"ARKANSAS CHILDREN'S NORTHWEST, INC",SPRINGDALE,"2601 GENE GEORGE BOULEVARD SPRINGDALE, AR 72762 (36.163325, -94.192602)"
267,330,ST ROSE HOSPITAL,HAYWARD,"27200 CALAROGA AVE HAYWARD, CA 94545 (37.63291, -122.089742)"
268,303,ST JOSEPH HOSPITAL,EUREKA,"2700 DOLBEER ST EUREKA, CA 95501 (40.783103, -124.142039)"
269,272,MILLS-PENINSULA MEDICAL CENTER,BURLINGAME,"1501 TROUSDALE DRIVE BURLINGAME, CA 94010 (37.594398, -122.383356)"
270,463,CALIFORNIA PACIFIC MEDICAL CTR-DAVIES CAMPUS HOSP,SAN FRANCISCO,"601 DUBOCE AVE SAN FRANCISCO, CA 94117 (37.769114, -122.434696)"
271,399,QUEEN OF THE VALLEY MEDICAL CENTER,NAPA,"1000 TRANCAS ST NAPA, CA 94558 (38.323554, -122.295968)"
272,449,ADVENTIST HEALTH ST HELENA,SAINT HELENA,"10 WOODLAND ROAD SAINT HELENA, CA 94574 (38.54196, -122.475344)"
273,340,SUTTER AMADOR HOSPITAL,JACKSON,"200 MISSION BLVD JACKSON, CA 95642 (38.349561, -120.765905)"
274,446,MERCY GENERAL HOSPITAL,SACRAMENTO,"4001 J ST SACRAMENTO, CA 95819 (38.569385, -121.452482)"
275,440,RIVERSIDE COMMUNITY HOSPITAL,RIVERSIDE,"4445 MAGNOLIA AVENUE RIVERSIDE, CA 92501 (33.975677, -117.380374)"
276,400,PARADISE VALLEY HOSPITAL,NATIONAL CITY,"2400 EAST 4TH ST NATIONAL CITY, CA 91950 (32.686336, -117.083243)"
277,455,UC SAN DIEGO HEALTH HILLCREST - HILLCREST MED CTR,SAN DIEGO,"200 WEST ARBOR DRIVE SAN DIEGO, CA 92103 (32.753717, -117.165914)"
278,344,GROSSMONT HOSPITAL,LA MESA,"5555 GROSSMONT CENTER DRIVE BOX 58 LA MESA, CA 91942 (32.779435, -117.009178)"
279,257,MAD RIVER COMMUNITY HOSPITAL,ARCATA,"3800 JANES RD ARCATA, CA 95521 (40.903309, -124.090847)"
280,415,OROVILLE HOSPITAL,OROVILLE,"2767 OLIVE HIGHWAY OROVILLE, CA 95966 (39.504535, -121.542106)"
281,260,BAKERSFIELD MEMORIAL HOSPITAL,BAKERSFIELD,"420 34TH ST BAKERSFIELD, CA 93301 (35.390474, -119.006836)"
282,470,SANTA CLARA VALLEY MEDICAL CENTER,SAN JOSE,"751 SOUTH BASCOM AVENUE SAN JOSE, CA 95128 (37.313702, -121.931888)"
283,278,ENLOE MEDICAL CENTER,CHICO,"1531 ESPLANADE CHICO, CA 95926 (39.742284, -121.849128)"
284,504,LAC/OLIVE VIEW-UCLA MEDICAL CENTER,SYLMAR,"14445 OLIVE VIEW DRIVE SYLMAR, CA 91342 (34.325912, -118.445513)"
285,433,ST ELIZABETH COMMUNITY HOSPITAL,RED BLUFF,"2550 SISTER MARY COLUMBA DRIVE RED BLUFF, CA 96080 (40.148834, -122.218303)"
286,408,ALTA BATES SUMMIT MEDICAL CENTER,OAKLAND,"350 HAWTHORNE AVENUE OAKLAND, CA 94609 (37.820784, -122.26328)"
287,298,EL CENTRO REGIONAL MEDICAL CENTER,EL CENTRO,"1415 ROSS AVENUE EL CENTRO, CA 92243 (32.781498, -115.56862)"
288,461,CALIFORNIA PACIFIC MEDICAL CTR-PACIFIC CAMPUS HOSP,SAN FRANCISCO,"2333 BUCHANAN STREET SAN FRANCISCO, CA 94115 (37.791321, -122.430983)"
289,264,SAN GORGONIO MEMORIAL HOSPITAL,BANNING,"600 NORTH HIGHLAND SPRINGS AVENUE BANNING, CA 92220"
290,460,CALIFORNIA PACIFIC MEDICAL CTR - ST. LUKE'S CAMPUS,SAN FRANCISCO,"3555 CESAR CHAVEZ STREET SAN FRANCISCO, CA 94110 (37.74805, -122.420987)"
291,351,ANTELOPE VALLEY HOSPITAL,LANCASTER,"1600 W AVE J LANCASTER, CA 93534 (34.689371, -118.158476)"
292,526,KAWEAH DELTA MEDICAL CENTER,VISALIA,"400 W MINERAL KING AVE VISALIA, CA 93291 (36.327415, -119.294172)"
293,321,GLENDALE MEM HOSPITAL & HLTH CENTER,GLENDALE,"1420 S CENTRAL AVE GLENDALE, CA 91204 (34.127789, -118.257795)"
294,315,COMMUNITY REGIONAL MEDICAL CENTER,FRESNO,"2823 FRESNO STREET FRESNO, CA 93721 (36.742583, -119.783023)"
295,365,HOLLYWOOD PRESBYTERIAN MEDICAL CENTER,LOS ANGELES,"1300 N VERMONT AVE LOS ANGELES, CA 90027 (34.096116, -118.291753)"
296,406,OAK VALLEY HOSPITAL DISTRICT,OAKDALE,"350 S OAK AVE OAKDALE, CA 95361 (37.758098, -120.860363)"
297,413,ST JOSEPH HOSPITAL,ORANGE,"1100 WEST STEWART DR ORANGE, CA 92868 (33.782399, -117.866093)"
298,497,KAISER FOUNDATION HOSPITAL - SOUTH SAN FRANCISCO,SOUTH SAN FRANCISCO,"1200 EL CAMINO REAL SOUTH SAN FRANCISCO, CA 94080 (37.658376, -122.439205)"
299,483,KAISER FOUNDATION HOSPITAL-SANTA CLARA,SANTA CLARA,"700 LAWRENCE EXPRESSWAY SANTA CLARA, CA 95051 (37.335456, -121.995767)"
300,527,KAISER FOUNDATION HOSPITAL - WALNUT CREEK,WALNUT CREEK,"1425 S MAIN STREET WALNUT CREEK, CA 94596 (37.891512, -122.057943)"
301,521,KAISER FOUNDATION HOSPITAL AND REHAB CENTER,VALLEJO,"975 SERENO DR VALLEJO, CA 94589 (38.128437, -122.247586)"
302,409,KAISER FOUNDATION HOSPITAL - OAKLAND/RICHMOND,OAKLAND,"275 WEST MACARTHUR BOULEVARD OAKLAND, CA 94611 (37.823857, -122.257589)"
303,461,KAISER FOUNDATION HOSPITAL - SAN FRANCISCO,SAN FRANCISCO,"2425 GEARY BLVD SAN FRANCISCO, CA 94115 (37.782778, -122.443222)"
304,455,SCRIPPS MERCY HOSPITAL,SAN DIEGO,"4077 5TH AVE SAN DIEGO, CA 92103 (32.751211, -117.161024)"
305,476,PROVIDENCE LITTLE CO OF MARY MED CTR SAN PEDRO,SAN PEDRO,"1300 W 7TH ST SAN PEDRO, CA 90732 (33.737928, -118.305005)"
306,416,ST JOHNS REGIONAL MEDICAL CENTER,OXNARD,"1600 N ROSE AVE OXNARD, CA 93030 (34.216555, -119.158351)"
307,500,ST JOSEPH'S MEDICAL CENTER OF STOCKTON,STOCKTON,"1800 N CALIFORNIA ST STOCKTON, CA 95204 (37.970737, -121.289251)"
308,454,COMMUNITY HOSPITAL OF SAN BERNARDINO,SAN BERNARDINO,"1805 MEDICAL CENTER DRIVE SAN BERNARDINO, CA 92411 (34.131238, -117.322559)"
309,493,SONOMA VALLEY HOSPITAL,SONOMA,"347 ANDRIEUX ST SONOMA, CA 95476 (38.288564, -122.46585)"
310,336,COMMUNITY HOSPITAL OF HUNTINGTON PARK,HUNTINGTON PARK,"2623 E SLAUSON AVE HUNTINGTON PARK, CA 90255 (33.989182, -118.22419)"
311,313,SAINT AGNES MEDICAL CENTER,FRESNO,"1303 E HERNDON AVE FRESNO, CA 93710 (36.837102, -119.765878)"
312,531,"WEST COVINA MEDICAL CENTER, INC",WEST COVINA,"725 S ORANGE AVE WEST COVINA, CA 91790 (34.070928, -117.944166)"
313,518,SAN ANTONIO REGIONAL HOSPITAL,UPLAND,"999 SAN BERNARDINO ROAD UPLAND, CA 91786 (34.101079, -117.636862)"
314,457,SHARP MEMORIAL HOSPITAL,SAN DIEGO,"7901 FROST ST SAN DIEGO, CA 92123 (32.800255, -117.154133)"
315,521,SUTTER SOLANO MEDICAL CENTER,VALLEJO,"300 HOSPITAL DR VALLEJO, CA 94589 (38.130893, -122.238105)"
316,441,PARKVIEW COMMUNITY HOSPITAL MEDICAL CENTER,RIVERSIDE,"3865 JACKSON STREET RIVERSIDE, CA 92503 (33.925697, -117.440052)"
317,366,WHITE MEMORIAL MEDICAL CENTER,LOS ANGELES,"1720 E CESAR AVENUE LOS ANGELES, CA 90033"
318,374,SAINT FRANCIS MEDICAL CENTER,LYNWOOD,"3630 EAST IMPERIAL HIGHWAY LYNWOOD, CA 90262 (33.931016, -118.203834)"
319,485,MARIAN REGIONAL MEDICAL CENTER,SANTA MARIA,"1400 E CHURCH ST SANTA MARIA, CA 93454 (34.952117, -120.412494)"
320,444,"SUTTER MEDICAL CENTER, SACRAMENTO",SACRAMENTO,"2825 CAPITOL AVENUE SACRAMENTO, CA 95816 (38.570258, -121.469682)"
321,354,LOMPOC VALLEY MEDICAL CENTER,LOMPOC,"1515 E OCEAN AVENUE LOMPOC, CA 93436 (34.640639, -120.439899)"
322,486,SANTA MONICA - UCLA MED CTR & ORTHOPAEDIC HOSPITAL,SANTA MONICA,"1250 16TH STREET SANTA MONICA, CA 90404 (34.027776, -118.486315)"
323,475,SAN MATEO MEDICAL CENTER,SAN MATEO,"222 W 39TH AVE SAN MATEO, CA 94403 (37.530116, -122.299406)"
324,302,PALOMAR HEALTH DOWNTOWN CAMPUS,ESCONDIDO,"555 EAST VALLEY PARKWAY ESCONDIDO, CA 92025 (33.125937, -117.076186)"
325,403,NORTHRIDGE HOSPITAL MEDICAL CENTER,NORTHRIDGE,"18300 ROSCOE BLVD NORTHRIDGE, CA 91325 (34.220789, -118.533216)"
326,378,DOCTORS HOSPITAL OF MANTECA,MANTECA,"1205 E NORTH STREET MANTECA, CA 95336 (37.801087, -121.19691)"
327,328,ADVENTIST HEALTH HANFORD,HANFORD,"115 MALL DRIVE HANFORD, CA 93230 (36.323877, -119.669005)"
328,499,DAMERON HOSPITAL,STOCKTON,"525 WEST ACACIA STREET STOCKTON, CA 95203 (37.961201, -121.300691)"
329,323,USC VERDUGO HILLS HOSPITAL,GLENDALE,"1812 VERDUGO BLVD GLENDALE, CA 91209 (34.205614, -118.216048)"
330,467,REGIONAL MEDICAL CENTER OF SAN JOSE,SAN JOSE,"225 N JACKSON AVENUE SAN JOSE, CA 95116 (37.363787, -121.848823)"
331,522,VALLEY PRESBYTERIAN HOSPITAL,VAN NUYS,"15107 VANOWEN ST VAN NUYS, CA 91406 (34.193917, -118.463271)"
332,537,WOODLAND MEMORIAL HOSPITAL,WOODLAND,"1325 COTTONWOOD STREET WOODLAND, CA 95695 (38.664344, -121.793403)"
333,410,TRI-CITY MEDICAL CENTER,OCEANSIDE,"4002 VISTA WAY OCEANSIDE, CA 92056 (33.183783, -117.290918)"
334,453,ST BERNARDINE MEDICAL CENTER,SAN BERNARDINO,"2101 N WATERMAN AVE SAN BERNARDINO, CA 92404 (34.134331, -117.27876)"
335,405,NOVATO COMMUNITY HOSPITAL,NOVATO,"180 ROWLAND WAY NOVATO, CA 94945 (38.098077, -122.55966)"
336,466,SAN GABRIEL VALLEY MEDICAL CENTER,SAN GABRIEL,"438 W LAS TUNAS DRIVE SAN GABRIEL, CA 91776 (34.102461, -118.105572)"
337,383,RIDEOUT MEMORIAL HOSPITAL,MARYSVILLE,"726 4TH ST MARYSVILLE, CA 95901 (39.138832, -121.593622)"
338,334,SOUTHERN CALIFORNIA HOSPITAL AT HOLLYWOOD,HOLLYWOOD,"6245 DE LONGPRE AVE HOLLYWOOD, CA 90028 (34.096192, -118.325371)"
339,423,PETALUMA VALLEY HOSPITAL,PETALUMA,"400 N MCDOWELL BLVD PETALUMA, CA 94954 (38.253183, -122.63286)"
340,420,KAISER FOUNDATION HOSPITAL - PANORAMA CITY,PANORAMA CITY,"13652 CANTARA ST PANORAMA CITY, CA 91402 (34.219847, -118.430299)"
341,365,KAISER FOUNDATION HOSPITAL - LOS ANGELES,LOS ANGELES,"4867 SUNSET BLVD LOS ANGELES, CA 90027 (34.098141, -118.294825)"
342,297,KAISER FOUNDATION HOSPITAL - DOWNEY,DOWNEY,"9333 IMPERIAL HIGHWAY DOWNEY, CA 90242 (33.917101, -118.128998)"
343,307,KAISER FOUNDATION HOSPITAL FONTANA,FONTANA,"9961 SIERRA AVE FONTANA, CA 92335 (34.072271, -117.433458)"
344,392,COMMUNITY HOSPITAL OF THE MONTEREY PENINSULA,MONTEREY,"23625 W R HOLMAN HIGHWAY MONTEREY, CA 93940"
345,360,CALIFORNIA HOSPITAL MEDICAL CENTER LA,LOS ANGELES,"1401 SOUTH GRAND AVENUE LOS ANGELES, CA 90015 (34.037212, -118.265363)"
346,325,SIERRA NEVADA MEMORIAL HOSPITAL,GRASS VALLEY,"155 GLASSON WAY GRASS VALLEY, CA 95945 (39.228949, -121.047264)"
347,459,SAINT FRANCIS MEMORIAL HOSPITAL,SAN FRANCISCO,"900 HYDE ST SAN FRANCISCO, CA 94109 (37.789561, -122.417112)"
348,470,O'CONNOR HOSPITAL,SAN JOSE,"2105 FOREST AVENUE SAN JOSE, CA 95128 (37.327054, -121.937154)"
349,301,ENCINO HOSPITAL MEDICAL CENTER,ENCINO,"16237 VENTURA BLVD ENCINO, CA 91436 (34.156826, -118.486948)"
350,523,VENTURA COUNTY MEDICAL CENTER,VENTURA,"300 HILLMONT AVENUE VENTURA, CA 93003 (34.279055, -119.254355)"
351,312,SAN JOAQUIN GENERAL HOSPITAL,FRENCH CAMP,"500 W HOSPITAL ROAD FRENCH CAMP, CA 95231 (37.886492, -121.282061)"
352,316,ST JUDE MEDICAL CENTER,FULLERTON,"101 E VALENCIA MESA DRIVE FULLERTON, CA 92835 (33.893503, -117.927952)"
353,533,PIH HEALTH HOSPITAL-WHITTIER,WHITTIER,"12401 WASHINGTON BLVD WHITTIER, CA 90602 (33.967433, -118.048143)"
354,488,SANTA ROSA MEMORIAL HOSPITAL,SANTA ROSA,"1165 MONTGOMERY DR SANTA ROSA, CA 95405 (38.442954, -122.701112)"
355,515,EMANUEL MEDICAL CENTER,TURLOCK,"825 DELBON AVE TURLOCK, CA 95382 (37.510487, -120.837491)"
356,528,JOHN MUIR MEDICAL CENTER - WALNUT CREEK CAMPUS,WALNUT CREEK,"1601 YGNACIO VALLEY RD WALNUT CREEK, CA 94598 (37.914297, -122.042071)"
357,342,GEORGE L MEE MEMORIAL HOSPITAL,KING CITY,"300 CANAL STREET KING CITY, CA 93930 (36.206819, -121.132137)"
358,358,ST MARY MEDICAL CENTER,LONG BEACH,"1050 LINDEN AVE LONG BEACH, CA 90813 (33.779954, -118.186683)"
359,438,ADVENTIST HEALTH REEDLEY,REEDLEY,"372 W CYPRESS AVE REEDLEY, CA 93654 (36.607812, -119.451695)"
360,529,WATSONVILLE COMMUNITY HOSPITAL,WATSONVILLE,"75 NIELSON STREET WATSONVILLE, CA 95076 (36.92828, -121.793721)"
361,311,WASHINGTON HOSPITAL,FREMONT,"2000 MOWRY AVE FREMONT, CA 94538 (37.557653, -121.98087)"
362,436,SEQUOIA HOSPITAL,REDWOOD CITY,"170 ALAMEDA DE LAS PULGAS REDWOOD CITY, CA 94062 (37.480987, -122.253223)"
363,418,PALMDALE REGIONAL MEDICAL CENTER,PALMDALE,"38600 MEDICAL CENTER DRIVE PALMDALE, CA 93552 (34.585688, -118.14364)"
364,324,EAST VALLEY GLENDORA HOSPITAL,GLENDORA,"150 WEST ROUTE 66 GLENDORA, CA 91740 (34.128685, -117.865193)"
365,246,ALAMEDA HOSPITAL,ALAMEDA,"2070 CLINTON AVENUE ALAMEDA, CA 94501 (37.76323, -122.253541)"
366,280,SHARP CHULA VISTA MEDICAL CENTER,CHULA VISTA,"751 MEDICAL CENTER COURT CHULA VISTA, CA 91911 (32.618448, -117.02399)"
367,402,HOAG MEMORIAL HOSPITAL PRESBYTERIAN,NEWPORT BEACH,"ONE HOAG DRIVE NEWPORT BEACH, CA 92663"
368,421,ADVENTIST HEALTH FEATHER RIVER,PARADISE,"5974 PENTZ ROAD PARADISE, CA 95969 (39.756161, -121.572305)"
369,249,AHMC ANAHEIM REGIONAL MEDICAL CENTER,ANAHEIM,"1111 W LA PALMA AVENUE ANAHEIM, CA 92801 (33.847138, -117.933934)"
370,460,ZUCKERBERG SAN FRANCISCO GENERAL HOSP & TRAUMA CTR,SAN FRANCISCO,"1001 POTRERO AVENUE SAN FRANCISCO, CA 94110 (37.756171, -122.406608)"
371,318,GARDEN GROVE HOSPITAL & MEDICAL CENTER,GARDEN GROVE,"12601 GARDEN GROVE BLVD GARDEN GROVE, CA 92843 (33.774471, -117.913645)"
372,427,POMONA VALLEY HOSPITAL MEDICAL CENTER,POMONA,"1798 N GAREY AVE POMONA, CA 91767 (34.077639, -117.752329)"
373,473,FRENCH HOSPITAL MEDICAL CENTER,SAN LUIS OBISPO,"1911 JOHNSON AVE SAN LUIS OBISPO, CA 93401 (35.278663, -120.650212)"
374,288,SHARP CORONADO HOSPITAL AND HLTHCR CTR,CORONADO,"250 PROSPECT PLACE CORONADO, CA 92118 (32.694257, -117.167947)"
375,271,PROVIDENCE SAINT JOSEPH MEDICAL CTR,BURBANK,"501 SOUTH BUENA VISTA BURBANK, CA 91505 (34.157643, -118.327841)"
376,491,ADVENTIST HEALTH SIMI VALLEY,SIMI VALLEY,"2975 N SYCAMORE DR SIMI VALLEY, CA 93065 (34.288837, -118.74396)"
377,256,METHODIST HOSPITAL OF SOUTHERN CA,ARCADIA,"300 W HUNTINGTON DR ARCADIA, CA 91006 (34.134862, -118.042446)"
378,322,GLENDALE ADVENTIST MEDICAL CENTER,GLENDALE,"1509 E WILSON TERRACE GLENDALE, CA 91206 (34.149161, -118.230354)"
379,484,DOMINICAN HOSPITAL,SANTA CRUZ,"1555 SOQUEL DRIVE SANTA CRUZ, CA 95065 (36.988341, -121.983818)"
380,417,DESERT REGIONAL MEDICAL CENTER,PALM SPRINGS,"1150 NORTH INDIAN CANYON DRIVE PALM SPRINGS, CA 92262 (33.838861, -116.545598)"
381,284,ARROWHEAD REGIONAL MEDICAL CENTER,COLTON,"400 NORTH PEPPER AVENUE COLTON, CA 92324 (34.072884, -117.352833)"
382,451,NATIVIDAD MEDICAL CENTER,SALINAS,"1441 CONSTITUTION BOULEVARD SALINAS, CA 93906 (36.695472, -121.63124)"
383,425,MARSHALL MEDICAL CENTER,PLACERVILLE,"1100 MARSHALL WAY PLACERVILLE, CA 95667 (38.724483, -120.790643)"
384,262,GOOD SAMARITAN HOSPITAL,BAKERSFIELD,"901 OLIVE DRIVE BAKERSFIELD, CA 93308 (35.412258, -119.039498)"
385,428,SIERRA VIEW MEDICAL CENTER,PORTERVILLE,"465 W PUTNAM AVE PORTERVILLE, CA 93257 (36.069573, -119.027274)"
386,372,RONALD REAGAN U C L A MEDICAL CENTER,LOS ANGELES,"757 WESTWOOD PLAZA LOS ANGELES, CA 90095 (34.063939, -118.445411)"
387,435,REDLANDS COMMUNITY HOSPITAL,REDLANDS,"350 TERRACINA BLVD REDLANDS, CA 92373 (34.038404, -117.206414)"
388,382,CONTRA COSTA REGIONAL MEDICAL CENTER,MARTINEZ,"2500 ALHAMBRA AVENUE MARTINEZ, CA 94553 (38.006467, -122.130891)"
389,386,PROVIDENCE HOLY CROSS MEDICAL CENTER,MISSION HILLS,"15031 RINALDI ST MISSION HILLS, CA 91346 (34.279013, -118.459485)"
390,341,HI-DESERT MEDICAL CENTER,JOSHUA TREE,"6601 WHITE FEATHER ROAD JOSHUA TREE, CA 92252 (34.132676, -116.276709)"
391,434,MERCY MEDICAL CENTER REDDING,REDDING,"2175 ROSALINE AVE, CLAIRMONT HGTS REDDING, CA 96001"
392,247,ALHAMBRA HOSPITAL MEDICAL CENTER,ALHAMBRA,"100 S RAYMOND AVE ALHAMBRA, CA 91801 (34.090156, -118.145017)"
393,426,STANFORD HEALTH CARE - VALLEYCARE,PLEASANTON,"5555 WEST LAS POSITAS BOULEVARD PLEASANTON, CA 94588 (37.692133, -121.880027)"
394,293,SETON MEDICAL CENTER,DALY CITY,"1900 SULLIVAN AVENUE DALY CITY, CA 94015 (37.680315, -122.47291)"
395,486,PROVIDENCE SAINT JOHN'S HEALTH CENTER,SANTA MONICA,"2121 SANTA MONICA BLVD SANTA MONICA, CA 90404 (34.03007, -118.478305)"
396,487,SUTTER SANTA ROSA REGIONAL HOSPITAL,SANTA ROSA,"30 MARK WEST SPRINGS ROAD SANTA ROSA, CA 95403 (38.496306, -122.750707)"
397,394,RIVERSIDE UNIVERSITY HEALTH SYSTEM-MEDICAL CENTER,MORENO VALLEY,"26520 CACTUS AVENUE MORENO VALLEY, CA 92555 (33.910054, -117.195824)"
398,260,MERCY HOSPITAL,BAKERSFIELD,"2215 TRUXTUN AVENUE BAKERSFIELD, CA 93301 (35.373323, -119.027386)"
399,333,HAZEL HAWKINS MEMORIAL HOSPITAL,HOLLISTER,"911 SUNSET DRIVE HOLLISTER, CA 95023 (36.835122, -121.38662)"
400,265,BARSTOW COMMUNITY HOSPITAL,BARSTOW,"820 E MOUNTAIN VIEW STREET BARSTOW, CA 92311 (34.893696, -117.0166)"
401,255,ST MARY MEDICAL CENTER,APPLE VALLEY,"18300 HIGHWAY 18 APPLE VALLEY, CA 92307 (34.542046, -117.265602)"
402,517,ADVENTIST HEALTH UKIAH VALLEY,UKIAH,"275 HOSPITAL DRIVE UKIAH, CA 95482 (39.153019, -123.2038)"
403,266,ALTA BATES SUMMIT MEDICAL CENTER - ALTA BATES CAMP,BERKELEY,"2450 ASHBY AVENUE BERKELEY, CA 94705 (37.856488, -122.257329)"
404,396,EL CAMINO HOSPITAL,MOUNTAIN VIEW,"2500 GRANT ROAD MOUNTAIN VIEW, CA 94040 (37.369341, -122.077933)"
405,443,SUTTER ROSEVILLE MEDICAL CENTER,ROSEVILLE,"ONE MEDICAL PLAZA ROSEVILLE, CA 95661"
406,513,SUTTER TRACY COMMUNITY HOSPITAL,TRACY,"1420 NORTH TRACY BLVD TRACY, CA 95376 (37.744232, -121.43494)"
407,261,KERN MEDICAL CENTER,BAKERSFIELD,"1700 MOUNT VERNON AVENUE BAKERSFIELD, CA 93306 (35.380964, -118.967546)"
408,407,HIGHLAND HOSPITAL,OAKLAND,"1411 E 31ST STREET OAKLAND, CA 94602 (37.799234, -122.231199)"
409,343,SCRIPPS MEMORIAL HOSPITAL LA JOLLA,LA JOLLA,"9888 GENESEE AVENUE LA JOLLA, CA 92037 (32.8855, -117.223022)"
410,353,LOMA LINDA UNIVERSITY MEDICAL CENTER,LOMA LINDA,"11234 ANDERSON ST LOMA LINDA, CA 92354 (34.049482, -117.261122)"
411,287,CORONA REGIONAL MEDICAL CENTER,CORONA,"800 SOUTH MAIN STREET CORONA, CA 92882 (33.873327, -117.566768)"
412,450,SALINAS VALLEY MEMORIAL HOSPITAL,SALINAS,"450 EAST ROMIE LANE SALINAS, CA 93901 (36.659979, -121.646327)"
413,494,ADVENTIST HEALTH SONORA,SONORA,"1000 GREENLEY ROAD SONORA, CA 95370 (37.976728, -120.369442)"
414,352,ADVENTIST HEALTH LODI MEMORIAL,LODI,"975 S FAIRMONT AVENUE LODI, CA 95240 (38.121634, -121.285787)"
415,270,PIONEERS MEMORIAL HEALTHCARE DISTRICT,BRAWLEY,"207 WEST LEGION ROAD BRAWLEY, CA 92227 (32.959947, -115.552723)"
416,413,UNIVERSITY OF CALIFORNIA IRVINE MED CENTER,ORANGE,"101 CITY DRIVE SOUTH ORANGE, CA 92868 (33.780111, -117.894303)"
417,391,BEVERLY HOSPITAL,MONTEBELLO,"309 W BEVERLY BLVD MONTEBELLO, CA 90640 (34.016032, -118.100526)"
418,512,TORRANCE MEMORIAL MEDICAL CENTER,TORRANCE,"3330 LOMITA BLVD TORRANCE, CA 90509 (33.812644, -118.34375)"
419,496,BARTON MEMORIAL HOSPITAL,SOUTH LAKE TAHOE,"2170 SOUTH AVENUE SOUTH LAKE TAHOE, CA 96150 (38.912337, -119.997711)"
420,511,PROVIDENCE LITTLE COMPANY OF MARY MED CTR TORRANCE,TORRANCE,"4101 TORRANCE BLVD TORRANCE, CA 90503 (33.837577, -118.35708)"
421,482,GOLETA VALLEY COTTAGE HOSPITAL,SANTA BARBARA,"351 S PATTERSON AVE SANTA BARBARA, CA 93111 (34.433699, -119.809322)"
422,326,MARIN GENERAL HOSPITAL,GREENBRAE,"250 BON AIR ROAD, PO BOX 8010 GREENBRAE, CA 94904 (37.948884, -122.535897)"
423,304,NORTHBAY MEDICAL CENTER,FAIRFIELD,"1200 B GALE WILSON BLVD FAIRFIELD, CA 94533 (38.261108, -122.048104)"
424,366,LAC+USC MEDICAL CENTER,LOS ANGELES,"1200 N STATE ST, ROOM C2K100 LOS ANGELES, CA 90033 (34.059872, -118.210308)"
425,510,LAC/HARBOR-UCLA MED CENTER,TORRANCE,"1000 W CARSON ST TORRANCE, CA 90502 (33.831583, -118.294546)"
426,502,PACIFICA HOSPITAL OF THE VALLEY,SUN VALLEY,"9449 SAN FERNANDO RD SUN VALLEY, CA 91352 (34.241134, -118.395669)"
427,469,GOOD SAMARITAN HOSPITAL,SAN JOSE,"2425 SAMARITAN DRIVE SAN JOSE, CA 95124 (37.251104, -121.946563)"
428,291,CITRUS VALLEY MEDICAL CENTER-IC CAMPUS,COVINA,"210 W SAN BERNARDINO ROAD COVINA, CA 91723 (34.089947, -117.893666)"
429,332,HEMET VALLEY MEDICAL CENTER,HEMET,"1117 EAST DEVONSHIRE HEMET, CA 92543 (33.75122, -116.959859)"
430,296,PIH HOSPITAL - DOWNEY,DOWNEY,"11500 BROOKSHIRE AVENUE DOWNEY, CA 90241 (33.935563, -118.131703)"
431,523,COMMUNITY MEMORIAL HOSPITAL SAN BUENAVENTURA,VENTURA,"147 N BRENT ST VENTURA, CA 93003 (34.274184, -119.257238)"
432,481,SANTA BARBARA COTTAGE HOSPITAL,SANTA BARBARA,"400 WEST PUEBLO SANTA BARBARA, CA 93102 (34.429483, -119.723077)"
433,283,COALINGA REGIONAL MEDICAL CENTER,COALINGA,"1191 PHELPS AVENUE COALINGA, CA 93210 (36.151517, -120.342089)"
434,464,CHINESE HOSPITAL,SAN FRANCISCO,"845 JACKSON ST SAN FRANCISCO, CA 94133 (37.795695, -122.40925)"
435,329,KAISER FOUNDATION HOSPITAL - SOUTH BAY,HARBOR CITY,"25825 SOUTH VERMONT AVENUE HARBOR CITY, CA 90710 (33.788623, -118.294366)"
436,306,MERCY HOSPITAL OF FOLSOM,FOLSOM,"1650 CREEKSIDE DRIVE FOLSOM, CA 95630 (38.671125, -121.145833)"
437,292,SUTTER COAST HOSPITAL,CRESCENT CITY,"800 E WASHINGTON BLVD CRESCENT CITY, CA 95531 (41.772698, -124.194144)"
438,269,PALO VERDE HOSPITAL,BLYTHE,"250 NORTH FIRST STREET BLYTHE, CA 92225 (33.61245, -114.595479)"
439,343,SCRIPPS GREEN HOSPITAL,LA JOLLA,"10666 NORTH TORREY PINES ROAD LA JOLLA, CA 92037 (32.897124, -117.241854)"
440,448,KAISER FOUNDATION HOSPITAL - SACRAMENTO,SACRAMENTO,"2025 MORSE AVENUE SACRAMENTO, CA 95825 (38.602162, -121.392238)"
441,250,WEST ANAHEIM MEDICAL CENTER,ANAHEIM,"3033 W ORANGE AVENUE ANAHEIM, CA 92804 (33.824735, -117.995115)"
442,422,HUNTINGTON MEMORIAL HOSPITAL,PASADENA,"100 W CALIFORNIA BLVD PASADENA, CA 91109 (34.135761, -118.151803)"
443,498,STANFORD HEALTH CARE,STANFORD,"300 PASTEUR DRIVE STANFORD, CA 94305 (37.433138, -122.176664)"
444,385,MERCY MEDICAL CENTER,MERCED,"333 MERCY AVENUE MERCED, CA 95340 (37.340122, -120.465214)"
445,465,UCSF MEDICAL CENTER,SAN FRANCISCO,"505 PARNASSUS AVE, BOX 0296 SAN FRANCISCO, CA 94143 (37.763553, -122.457654)"
446,260,ADVENTIST HEALTH BAKERSFIELD,BAKERSFIELD,"2615 CHESTER AVENUE BAKERSFIELD, CA 93301 (35.383056, -119.018857)"
447,463,ST MARY'S MEDICAL CENTER,SAN FRANCISCO,"450 STANYAN ST SAN FRANCISCO, CA 94117 (37.77384, -122.454495)"
448,388,DOCTORS MEDICAL CENTER,MODESTO,"1441 FLORIDA AVENUE MODESTO, CA 95350 (37.665666, -120.99625)"
449,319,MEMORIAL HOSPITAL OF GARDENA,GARDENA,"1145 W REDONDO BEACH BLVD GARDENA, CA 90247 (33.892375, -118.295106)"
450,361,GOOD SAMARITAN HOSPITAL,LOS ANGELES,"1225 WILSHIRE BOULEVARD LOS ANGELES, CA 90017 (34.053209, -118.265292)"
451,532,WEST HILLS HOSPITAL & MEDICAL CENTER,WEST HILLS,"7300 MEDICAL CENTER DR WEST HILLS, CA 91307 (34.202931, -118.628598)"
452,357,LONG BEACH MEMORIAL MEDICAL CENTER,LONG BEACH,"2801 ATLANTIC AVE LONG BEACH, CA 90806 (33.807107, -118.185098)"
453,275,EDEN MEDICAL CENTER,CASTRO VALLEY,"20103 LAKE CHABOT ROAD CASTRO VALLEY, CA 94546"
454,282,CLOVIS COMMUNITY MEDICAL CENTER,CLOVIS,"2755 HERNDON AVE CLOVIS, CA 93611 (36.837421, -119.661626)"
455,286,JOHN MUIR MEDICAL CENTER - CONCORD CAMPUS,CONCORD,"2540 EAST ST CONCORD, CA 94520 (37.98296, -122.034236)"
456,258,SUTTER AUBURN FAITH HOSPITAL,AUBURN,"11815 EDUCATION STREET AUBURN, CA 95603 (38.944317, -121.099423)"
457,370,SAINT VINCENT MEDICAL CENTER,LOS ANGELES,"2131 W 3RD ST LOS ANGELES, CA 90057 (34.06319, -118.273665)"
458,300,SCRIPPS MEMORIAL HOSPITAL - ENCINITAS,ENCINITAS,"354 SANTA FE DRIVE ENCINITAS, CA 92024 (33.036272, -117.284237)"
459,474,SIERRA VISTA REGIONAL MEDICAL CENTER,SAN LUIS OBISPO,"1010 MURRAY ST SAN LUIS OBISPO, CA 93405 (35.290966, -120.666174)"
460,477,KAISER FOUNDATION HOSPITAL,SAN RAFAEL,"99 MONTECILLO RD SAN RAFAEL, CA 94903 (38.004335, -122.553881)"
461,311,KAISER FOUNDATION HOSPITAL - FREMONT,FREMONT,"39400 PASEO PADRE PKWY FREMONT, CA 94538 (37.550913, -121.975769)"
462,456,KAISER FOUNDATION HOSPITAL - ZION,SAN DIEGO,"4647 ZION AVE SAN DIEGO, CA 92120 (32.792973, -117.095859)"
463,274,MERCY SAN JUAN MEDICAL CENTER,CARMICHAEL,"6501 COYLE AVE CARMICHAEL, CA 95608 (38.668048, -121.312964)"
464,524,VICTOR VALLEY GLOBAL MEDICAL CENTER,VICTORVILLE,"15248 11TH ST VICTORVILLE, CA 92392 (34.52897, -117.292518)"
465,253,SUTTER DELTA MEDICAL CENTER,ANTIOCH,"3901 LONE TREE WAY ANTIOCH, CA 94509 (37.982295, -121.804681)"
466,335,HUNTINGTON BEACH HOSPITAL,HUNTINGTON BEACH,"17772 BEACH BLVD HUNTINGTON BEACH, CA 92647 (33.703889, -117.989065)"
467,373,MEMORIAL HOSPITAL LOS BANOS,LOS BANOS,"520 WEST I ST LOS BANOS, CA 93635 (37.063431, -120.859407)"
468,337,JOHN F KENNEDY MEMORIAL HOSPITAL,INDIO,"47111 MONROE STREET INDIO, CA 92201 (33.706359, -116.233881)"
469,294,SUTTER DAVIS HOSPITAL,DAVIS,"2000 SUTTER PLACE DAVIS, CA 95616 (38.562923, -121.772522)"
470,437,KAISER FOUNDATION HOSPITAL - REDWOOD CITY,REDWOOD CITY,"1100 VETERANS BOULEVARD REDWOOD CITY, CA 94063 (37.489693, -122.224682)"
471,290,COLLEGE HOSPITAL COSTA MESA,COSTA MESA,"301 VICTORIA STREET COSTA MESA, CA 92627 (33.652605, -117.911965)"
472,428,PORTERVILLE DEVELOPMENTAL CENTER,PORTERVILLE,"26501 AVENUE 140 PORTERVILLE, CA 93257 (36.043908, -118.980483)"
473,299,SONOMA DEVELOPMENTAL CENTER,ELDRIDGE,"15000 ARNOLD DRIVE / P O BOX 1493 ELDRIDGE, CA 95431 (38.349027, -122.51691)"
474,289,FAIRVIEW DEVELOPMENTAL CENTER,COSTA MESA,"2501 HARBOR BOULEVARD COSTA MESA, CA 92626 (33.664912, -117.919267)"
475,509,LOS ROBLES HOSPITAL & MEDICAL CENTER,THOUSAND OAKS,"215 W JANSS RD THOUSAND OAKS, CA 91360 (34.206398, -118.882624)"
476,359,LOS ALAMITOS MEDICAL CENTER,LOS ALAMITOS,"3751 KATELLA AVENUE LOS ALAMITOS, CA 90720 (33.803175, -118.067413)"
477,389,MEMORIAL MEDICAL CENTER,MODESTO,"1700 COFFEE RD MODESTO, CA 95355 (37.668701, -120.975674)"
478,367,KAISER FOUNDATION HOSPITAL - WEST LA,LOS ANGELES,"6041 CADILLAC AVE LOS ANGELES, CA 90034 (34.03799, -118.376247)"
479,387,MISSION HOSPITAL REGIONAL MED CENTER,MISSION VIEJO,"27700 MEDICAL CENTER RD MISSION VIEJO, CA 92691"
480,376,MADERA COMMUNITY HOSPITAL,MADERA,"1250 E ALMOND AVE MADERA, CA 93637 (36.945427, -120.045467)"
481,310,FOUNTAIN VALLEY REGIONAL HOSPITAL & MEDICAL CENTER,FOUNTAIN VALLEY,"17100 EUCLID STREET FOUNTAIN VALLEY, CA 92708 (33.715435, -117.937012)"
482,432,EISENHOWER MEDICAL CENTER,RANCHO MIRAGE,"39-000 BOB HOPE DRIVE RANCHO MIRAGE, CA 92270 (33.764852, -116.408085)"
483,345,LA PALMA INTERCOMMUNITY HOSPITAL,LA PALMA,"7901 WALKER STREET LA PALMA, CA 90623 (33.847585, -118.03725)"
484,350,LAKEWOOD REGIONAL MEDICAL CENTER,LAKEWOOD,"3700 E SOUTH ST LAKEWOOD, CA 90712 (33.860223, -118.148749)"
485,279,CHINO VALLEY MEDICAL CENTER,CHINO,"5451 WALNUT AVE CHINO, CA 91710 (34.026351, -117.685988)"
486,458,SAN DIMAS COMMUNITY HOSPITAL,SAN DIMAS,"1350 W COVINA BLVD SAN DIMAS, CA 91773 (34.099423, -117.835006)"
487,424,PLACENTIA LINDA HOSPITAL,PLACENTIA,"1301 N ROSE DRIVE PLACENTIA, CA 92870 (33.886612, -117.842096)"
488,447,METHODIST HOSPITAL OF SACRAMENTO,SACRAMENTO,"7500 HOSPITAL DRIVE SACRAMENTO, CA 95823 (38.464232, -121.416333)"
489,324,FOOTHILL PRESBYTERIAN HOSPITAL,GLENDORA,"250 S GRAND AVE GLENDORA, CA 91740 (34.133196, -117.872534)"
490,445,UNIVERSITY OF CALIFORNIA DAVIS MEDICAL CENTER,SACRAMENTO,"2315 STOCKTON BOULEVARD SACRAMENTO, CA 95817 (38.554375, -121.457535)"
491,346,MEMORIALCARE SADDLEBACK MEDICAL CENTER,LAGUNA HILLS,"24451 HEALTH CENTER DRIVE LAGUNA HILLS, CA 92653 (33.607762, -117.708258)"
492,468,KAISER FOUNDATION HOSPITAL-SAN JOSE,SAN JOSE,"250 HOSPITAL PARKWAY SAN JOSE, CA 95119 (37.239327, -121.802084)"
493,295,DELANO REGIONAL MEDICAL CENTER,DELANO,"1401 GARCES HIGHWAY DELANO, CA 93215 (35.761418, -119.238878)"
494,252,KAISER FOUNDATION HOSPITAL - ORANGE COUNTY - ANAHE,ANAHEIM,"3440 E LA PALMA AVE ANAHEIM, CA 92806 (33.854441, -117.84411)"
495,273,ST JOHNS PLEASANT VALLEY HOSPITAL,CAMARILLO,"2309 ANTONIO AVE CAMARILLO, CA 93010 (34.242965, -119.018306)"
496,520,HENRY MAYO NEWHALL  HOSPITAL,VALENCIA,"23845 MCBEAN PKWY VALENCIA, CA 91355 (34.396342, -118.553143)"
497,369,CEDARS-SINAI MEDICAL CENTER,LOS ANGELES,"8700 BEVERLY BLVD LOS ANGELES, CA 90048 (34.075496, -118.380122)"
498,508,TWIN CITIES COMMUNITY HOSPITAL,TEMPLETON,"1100 LAS TABLAS RD TEMPLETON, CA 93465 (35.554389, -120.72013)"
499,430,POMERADO HOSPITAL,POWAY,"15615 POMERADO ROAD POWAY, CA 92064 (32.996802, -117.057852)"
500,363,EAST LOS ANGELES DOCTORS HOSPITAL,LOS ANGELES,"4060 WHITTIER BLVD LOS ANGELES, CA 90023 (34.02393, -118.184285)"
501,363,LOS ANGELES COMMUNITY HOSPITAL,LOS ANGELES,"4081 E OLYMPIC BLVD LOS ANGELES, CA 90023 (34.018874, -118.186461)"
502,462,LAGUNA HONDA HOSPITAL & REHABILITATION CENTER,SAN FRANCISCO,"375 LAGUNA HONDA BLVD SAN FRANCISCO, CA 94116 (37.747824, -122.458636)"
503,447,KAISER FOUNDATION HOSP SO SACRAMENTO,SACRAMENTO,"6600 BRUCEVILLE ROAD SACRAMENTO, CA 95823 (38.471647, -121.423802)"
504,538,KAISER FOUNDATION HOSPITAL - WOODLAND HILLS,WOODLAND HILLS,"5601 DE SOTO AVENUE WOODLAND HILLS, CA 91367 (34.171852, -118.588183)"
505,310,ORANGE COAST MEMORIAL MEDICAL CENTER,FOUNTAIN VALLEY,"9920 TALBERT AVENUE FOUNTAIN VALLEY, CA 92708 (33.701659, -117.956107)"
506,501,MENIFEE VALLEY MEDICAL CENTER,SUN CITY,"28400 MCCALL B0ULEVARD SUN CITY, CA 92585"
507,442,"KAISER FOUNDATION HOSPITAL, RIVERSIDE",RIVERSIDE,"10800 MAGNOLIA AVENUE RIVERSIDE, CA 92505 (33.906505, -117.47071)"
508,320,ST LOUISE REGIONAL HOSPITAL,GILROY,"9400 NO NAME UNO GILROY, CA 95020 (37.03511, -121.573038)"
509,478,SAN RAMON REGIONAL MEDICAL CENTER,SAN RAMON,"6001 NORRIS CANYON ROAD SAN RAMON, CA 94583 (37.775988, -121.959274)"
510,487,KAISER FOUNDATION HOSPITAL-SANTA ROSA,SANTA ROSA,"401 BICENTENNIAL WAY SANTA ROSA, CA 95403 (38.470217, -122.724316)"
511,366,KECK HOSPITAL OF USC,LOS ANGELES,"1500 SAN PABLO STREET LOS ANGELES, CA 90033 (34.062168, -118.203234)"
512,434,PATIENTS' HOSPITAL OF REDDING,REDDING,"2900 EUREKA WAY REDDING, CA 96001 (40.58549, -122.416264)"
513,397,SOUTHWEST HEALTHCARE SYSTEM,MURRIETA,"25500 MEDICAL CENTER DRIVE MURRIETA, CA 92562 (33.557832, -117.184346)"
514,420,MISSION COMMUNITY HOSPITAL,PANORAMA CITY,"14850 ROSCOE BLVD PANORAMA CITY, CA 91402 (34.221494, -118.456802)"
515,313,FRESNO SURGICAL HOSPITAL,FRESNO,"6125 NORTH FRESNO ST FRESNO, CA 93710 (36.824644, -119.781416)"
516,525,DESERT VALLEY HOSPITAL,VICTORVILLE,"16850 BEAR VALLEY RD VICTORVILLE, CA 92395 (34.470911, -117.297099)"
517,314,KAISER FOUNDATION HOSPITAL - FRESNO,FRESNO,"7300 NORTH FRESNO ST FRESNO, CA 93720 (36.84278, -119.783436)"
518,484,SUTTER MATERNITY & SURGERY CENTER OF SANTA CRUZ,SANTA CRUZ,"2900 CHANTICLEER AVENUE SANTA CRUZ, CA 95065 (36.987865, -121.97818)"
519,297,LAC/RANCHO LOS AMIGOS NATIONAL REHABILITATION  CTR,DOWNEY,"7601 EAST IMPERIAL HIGHWAY DOWNEY, CA 90242"
520,263,KAISER FOUNDATION HOSPITAL - BALDWIN PARK,BALDWIN PARK,"1011 BALDWIN PARK BLVD BALDWIN PARK, CA 91706 (34.064642, -117.984646)"
521,262,BAKERSFIELD HEART HOSPITAL,BAKERSFIELD,"3001 SILLECT AVENUE BAKERSFIELD, CA 93308 (35.386106, -119.040847)"
522,389,STANISLAUS SURGICAL HOSPITAL,MODESTO,"1421 OAKDALE ROAD MODESTO, CA 95355 (37.664558, -120.957516)"
523,356,COMMUNITY HOSPITAL OF LONG BEACH,LONG BEACH,"1720 TERMINO AVENUE LONG BEACH, CA 90804 (33.788231, -118.145886)"
524,534,WHITTIER HOSPITAL MEDICAL CENTER,WHITTIER,"9080 COLIMA RD WHITTIER, CA 90605 (33.950748, -118.005114)"
525,393,MONTEREY PARK HOSPITAL,MONTEREY PARK,"900 S ATLANTIC BLVD MONTEREY PARK, CA 91754 (34.049769, -118.138751)"
526,393,GARFIELD MEDICAL CENTER,MONTEREY PARK,"525 N GARFIELD AVE MONTEREY PARK, CA 91754 (34.067864, -118.122906)"
527,495,GREATER EL MONTE COMMUNITY HOSPITAL,SOUTH EL MONTE,"1701 SANTA ANITA AVE SOUTH EL MONTE, CA 91733 (34.048705, -118.042452)"
528,338,CENTINELA HOSPITAL MEDICAL CENTER,INGLEWOOD,"555 EAST HARDY STREET INGLEWOOD, CA 90301 (33.949086, -118.348214)"
529,380,MARINA DEL REY HOSPITAL,MARINA DEL REY,"4650 LINCOLN BLVD MARINA DEL REY, CA 90291 (33.981732, -118.440154)"
530,368,OLYMPIA MEDICAL CENTER,LOS ANGELES,"5900 WEST OLYMPIC BOULEVARD LOS ANGELES, CA 90036 (34.057527, -118.359857)"
531,251,ANAHEIM GLOBAL MEDICAL CENTER,ANAHEIM,"1025 S ANAHEIM BLVD ANAHEIM, CA 92805 (33.820566, -117.909002)"
532,414,CHAPMAN GLOBAL MEDICAL CENTER,ORANGE,"2601 E CHAPMAN AVE ORANGE, CA 92869 (33.787878, -117.827058)"
533,480,ORANGE COUNTY GLOBAL MEDICAL CENTER,SANTA ANA,"1001 NORTH TUSTIN AVENUE SANTA ANA, CA 92705 (33.753636, -117.834209)"
534,479,SOUTH COAST GLOBAL MEDICAL CENTER,SANTA ANA,"2701 S BRISTOL ST SANTA ANA, CA 92704 (33.710692, -117.88541)"
535,379,KAISER FOUNDATION HOSPITAL MANTECA,MANTECA,"1777 WEST YOSEMITE AVE MANTECA, CA 95337 (37.797371, -121.246183)"
536,368,MIRACLE MILE MEDICAL CENTER,LOS ANGELES,"6000 SAN VICENTE BLVD LOS ANGELES, CA 90036 (34.057352, -118.361983)"
537,384,MENLO PARK SURGICAL HOSPITAL,MENLO PARK,"570 WILLOW ROAD MENLO PARK, CA 94025 (37.462043, -122.159517)"
538,490,SHERMAN OAKS HOSPITAL,SHERMAN OAKS,"4929 VAN NUYS BLVD SHERMAN OAKS, CA 91403 (34.15981, -118.448705)"
539,456,ALVARADO HOSPITAL MEDICAL CENTER,SAN DIEGO,"6655 ALVARADO ROAD SAN DIEGO, CA 92120 (32.777136, -117.056602)"
540,390,MONTCLAIR HOSPITAL MEDICAL CENTER,MONTCLAIR,"5000 SAN BERNARDINO ST MONTCLAIR, CA 91763 (34.077662, -117.696098)"
541,254,KAISER FOUNDATION HOSPITAL - ANTIOCH,ANTIOCH,"4501 SAND CREEK ROAD ANTIOCH, CA 94531 (37.949469, -121.774824)"
542,505,PROVIDENCE TARZANA MEDICAL CENTER,TARZANA,"18321 CLARK STREET TARZANA, CA 91356 (34.169777, -118.53183)"
543,364,SILVER LAKE MEDICAL CENTER,LOS ANGELES,"1711 WEST TEMPLE STREET LOS ANGELES, CA 90026 (34.06879, -118.26356)"
544,434,SHASTA REGIONAL MEDICAL CENTER,REDDING,"1100 BUTTE ST REDDING, CA 96001 (40.585376, -122.386683)"
545,394,KAISER FOUNDATION HOSPITAL-MORENO VALLEY,MORENO VALLEY,"27300 IRIS AVENUE MORENO VALLEY, CA 92555 (33.895697, -117.187121)"
546,540,SUTTER SURGICAL HOSPITAL - NORTH VALLEY,YUBA CITY,"455 PLUMAS BLVD YUBA CITY, CA 95991 (39.132167, -121.613603)"
547,519,KAISER FOUNDATION HOSPITAL - VACAVILLE,VACAVILLE,"1 QUALITY DRIVE VACAVILLE, CA 95688 (38.390073, -121.936776)"
548,339,HOAG ORTHOPEDIC INSTITUTE,IRVINE,"16250 SAND CANYON AVENUE IRVINE, CA 92618 (33.66095, -117.774478)"
549,398,LOMA LINDA UNIVERSITY MEDICAL CENTER-MURRIETA,MURRIETA,"28062 BAXTER ROAD MURRIETA, CA 92563 (33.613435, -117.168923)"
550,404,COAST PLAZA HOSPITAL,NORWALK,"13100 STUDERBAKER ROAD NORWALK, CA 90650 (33.912428, -118.099156)"
551,443,KAISER FOUNDATION HOSPITAL - ROSEVILLE,ROSEVILLE,"1600 EUREKA ROAD ROSEVILLE, CA 95661 (38.746698, -121.247166)"
552,472,SAN LEANDRO HOSPITAL,SAN LEANDRO,"13855 E 14TH STREET SAN LEANDRO, CA 94578 (37.714632, -122.141973)"
553,507,TEMECULA VALLEY HOSPITAL,TEMECULA,"31700 TEMECULA PKWY TEMECULA, CA 92592 (33.47929, -117.105744)"
554,357,COLLEGE MEDICAL CENTER,LONG BEACH,"2776 PACIFIC AVENUE LONG BEACH, CA 90806 (33.807201, -118.193721)"
555,471,KAISER FOUNDATION HOSPITAL - SAN LEANDRO,SAN LEANDRO,"2500 MERCED STREET SAN LEANDRO, CA 94577 (37.706524, -122.169447)"
556,353,LOMA LINDA UNIVERSITY CHILDREN'S HOSPITAL,LOMA LINDA,"11234 ANDERSON STREET SUITE A LOMA LINDA, CA 92354 (34.049482, -117.261122)"
557,371,"MARTIN LUTHER KING, JR. COMMUNITY HOSPITAL",LOS ANGELES,"1680 EAST 120TH STREET LOS ANGELES, CA 90059 (33.924361, -118.244331)"
558,516,FOOTHILL REGIONAL MEDICAL CENTER,TUSTIN,"14662 NEWPORT AVE TUSTIN, CA 92780 (33.730773, -117.829485)"
559,489,SONOMA WEST MEDICAL CENTER,SEBASTOPOL,"501 PETALUMA AVENUE SEBASTOPOL, CA 95472 (38.397139, -122.820437)"
560,427,CASA COLINA HOSPITAL,POMONA,"255 E BONITA AVE POMONA, CA 91767 (34.096242, -117.746861)"
561,285,COLUSA MEDICAL CENTER,COLUSA,"199 E WEBSTER STREET COLUSA, CA 95932 (39.207286, -121.999974)"
562,429,EASTERN PLUMAS HOSPITAL - PORTOLA CAMPUS,PORTOLA,"500 FIRST AVENUE PORTOLA, CA 96122 (39.806144, -120.463129)"
563,506,ADVENTIST HEALTH TEHACHAPI VALLEY,TEHACHAPI,"115 WEST E STREET TEHACHAPI, CA 93561 (35.130061, -118.44896)"
564,355,SOUTHERN INYO HOSPITAL,LONE PINE,"501 EAST LOCUST STREET LONE PINE, CA 93545 (36.608374, -118.058159)"
565,377,MAMMOTH HOSPITAL,MAMMOTH LAKES,"85 SIERRA PARK ROAD PO BOX 660 MAMMOTH LAKES, CA 93546 (37.645071, -118.963911)"
566,381,JOHN C FREMONT HEALTHCARE DISTRICT,MARIPOSA,"5189 HOSPITAL ROAD MARIPOSA, CA 95338 (37.500531, -119.976948)"
567,305,MAYERS MEMORIAL HOSPITAL,FALL RIVER MILLS,"43563 HWY 299 EAST FALL RIVER MILLS, CA 96028 (41.023968, -121.424651)"
568,536,GLENN MEDICAL CENTER,WILLOWS,"1133 W SYCAMORE ST WILLOWS, CA 95988 (39.520467, -122.20812)"
569,259,CATALINA ISLAND MEDICAL CENTER,AVALON,"100 FALLS CANYON ROAD AVALON, CA 90704 (33.339079, -118.330477)"
570,276,SURPRISE VALLEY COMMUNITY HOSPITAL,CEDARVILLE,"741 NORTH MAIN STREET CEDARVILLE, CA 96104 (41.531931, -120.171899)"
571,317,JEROLD PHELPS COMMUNITY HOSPITAL,GARBERVILLE,"733 CEDAR ST GARBERVILLE, CA 95542 (40.101491, -123.792756)"
572,535,ADVENTIST HEALTH HOWARD MEMORIAL,WILLITS,"1 MARCELA DR WILLITS, CA 95490 (39.389777, -123.339971)"
573,327,ORCHARD HOSPITAL,GRIDLEY,"240 SPRUCE STREET GRIDLEY, CA 95948 (39.366974, -121.689717)"
574,347,MOUNTAINS COMMUNITY HOSPITAL,LAKE ARROWHEAD,"29101 HOSPITAL ROAD LAKE ARROWHEAD, CA 92352 (34.2659, -117.167092)"
575,348,KERN VALLEY HEALTHCARE DISTRICT,LAKE ISABELLA,"6412 LAUREL AVE LAKE ISABELLA, CA 93240 (35.635351, -118.4063)"
576,530,TRINITY HOSPITAL,WEAVERVILLE,"60 EASTER AVENUE WEAVERVILLE, CA 96093 (40.737579, -122.939444)"
577,539,FAIRCHILD MEDICAL CENTER,YREKA,"444 BRUCE STREET YREKA, CA 96097 (41.718579, -122.645457)"
578,281,ADVENTIST HEALTH CLEARLAKE,CLEARLAKE,"15630 18TH AVE - HWY 53 CLEARLAKE, CA 95422"
579,309,REDWOOD MEMORIAL HOSPITAL,FORTUNA,"3300 RENNER DRIVE FORTUNA, CA 95540 (40.583071, -124.135942)"
580,395,MERCY MEDICAL CENTER MT SHASTA,MOUNT SHASTA,"914 PINE STREET MOUNT SHASTA, CA 96067 (41.317764, -122.321554)"
581,503,BANNER LASSEN MEDICAL CENTER,SUSANVILLE,"1800 SPRING RIDGE DRIVE SUSANVILLE, CA 96130 (40.438197, -120.627429)"
582,331,HEALDSBURG DISTRICT HOSPITAL,HEALDSBURG,"1375 UNIVERSITY AVENUE HEALDSBURG, CA 95448 (38.626583, -122.863741)"
583,401,COLORADO RIVER MEDICAL CENTER,NEEDLES,"1401 BAILEY AVE NEEDLES, CA 92363 (34.832836, -114.618317)"
584,268,NORTHERN INYO HOSPITAL,BISHOP,"150 PIONEER LANE BISHOP, CA 93514 (37.362108, -118.407362)"
585,308,MENDOCINO COAST DISTRICT HOSPITAL,FORT BRAGG,"700 RIVER DR FORT BRAGG, CA 95437 (39.432613, -123.800797)"
586,431,PLUMAS DISTRICT HOSPITAL,QUINCY,"1065 BUCKS LAKE ROAD QUINCY, CA 95971 (39.934767, -120.919251)"
587,277,SENECA DISTRICT HOSPITAL,CHESTER,"130 BRENTWOOD DRIVE CHESTER, CA 96020 (40.305302, -121.234018)"
588,514,TAHOE FOREST HOSPITAL,TRUCKEE,"10121 PINE AVE TRUCKEE, CA 96161 (39.325163, -120.201344)"
589,349,SUTTER LAKESIDE HOSPITAL,LAKEPORT,"5176 HILL ROAD EAST LAKEPORT, CA 95453 (39.105175, -122.908238)"
590,248,MODOC MEDICAL CENTER,ALTURAS,"228 W MCDOWELL AVE ALTURAS, CA 96101 (41.479949, -120.545503)"
591,492,SANTA YNEZ VALLEY COTTAGE HOSPITAL,SOLVANG,"2050 VIBORG RD SOLVANG, CA 93463 (34.602465, -120.126643)"
592,452,MARK TWAIN MEDICAL CENTER,SAN ANDREAS,"768 MOUNTAIN RANCH RD SAN ANDREAS, CA 95249 (38.190973, -120.670661)"
593,439,RIDGECREST REGIONAL HOSPITAL,RIDGECREST,"1081 NORTH CHINA LAKE BLVD RIDGECREST, CA 93555 (35.640802, -117.669852)"
594,411,OJAI VALLEY COMMUNITY HOSPITAL,OJAI,"1306 MARICOPA HWY OJAI, CA 93023 (34.442251, -119.264518)"
595,267,BEAR VALLEY COMMUNITY HOSPITAL,BIG BEAR LAKE,"41870 GARSTIN DR BIG BEAR LAKE, CA 92315 (34.246023, -116.888343)"
596,375,VALLEY CHILDREN'S HOSPITAL,MADERA,"9300 VALLEY CHILDRENS PLACE MADERA, CA 93636 (36.884502, -119.800266)"
597,408,CHILDREN'S HOSPITAL & RESEARCH CENTER OAKLAND,OAKLAND,"747 52ND STREET OAKLAND, CA 94609 (37.837326, -122.267741)"
598,365,CHILDREN'S HOSP OF LOS ANGELES,LOS ANGELES,"4650 SUNSET BLVD LOS ANGELES, CA 90027 (34.098145, -118.290878)"
599,457,RADY CHILDREN'S HOSPITAL - SAN DIEGO,SAN DIEGO,"3020 CHILDRENS WAY SAN DIEGO, CA 92123 (32.79826, -117.150821)"
600,413,CHILDREN'S HOSPITAL OF ORANGE COUNTY,ORANGE,"1201 W LA VETA AVE ORANGE, CA 92868 (33.78033, -117.86496)"
601,419,LUCILE SALTER PACKARD CHILDREN'S HSP AT STANFORD,PALO ALTO,"725 WELCH ROAD PALO ALTO, CA 94304 (37.437382, -122.175061)"
602,387,CHILDREN'S HOSPITAL AT MISSION,MISSION VIEJO,"27700 MEDICAL CENTER RD, 5TH FLOOR MISSION VIEJO, CA 92691"
603,412,HEALTHBRIDGE CHILDREN'S HOSPITAL - ORANGE,ORANGE,"393 S TUSTIN STREET ORANGE, CA 92866 (33.782772, -117.835745)"
604,357,MILLER CHILDREN'S HOSPITAL,LONG BEACH,"2801 ATLANTIC AVENUE LONG BEACH, CA 90806 (33.807107, -118.185098)"
605,362,SHRINERS HOSPITALS FOR CHILDREN,LOS ANGELES,"3160 GENEVA STREET LOS ANGELES, CA 90020 (34.067708, -118.286387)"
606,445,SHRINERS HOSPITALS FOR CHILDREN NORTHERN CALIF,SACRAMENTO,"2425 STOCKTON BOULEVARD SACRAMENTO, CA 95817 (38.552993, -121.456269)"
607,577,NORTH COLORADO MEDICAL CENTER,GREELEY,"1801 - 16TH STREET GREELEY, CO 80631 (40.413834, -104.709429)"
608,592,LONGMONT UNITED HOSPITAL,LONGMONT,"1950 MOUNTAIN VIEW AVENUE LONGMONT, CO 80501 (40.181324, -105.126382)"
609,546,PLATTE VALLEY MEDICAL CENTER,BRIGHTON,"1600 PRAIRIE CENTER PARKWAY BRIGHTON, CO 80601 (39.965441, -104.770924)"
610,597,MONTROSE MEMORIAL HOSPITAL,MONTROSE,"800 SOUTH 3RD STREET MONTROSE, CO 81401 (38.480881, -107.868769)"
611,541,SAN LUIS VALLEY HEALTH,ALAMOSA,"106 BLANCA AVENUE ALAMOSA, CO 81101 (37.47236, -105.883712)"
612,614,LUTHERAN MEDICAL CENTER,WHEAT RIDGE,"8300 W 38TH AVE WHEAT RIDGE, CO 80033 (39.769328, -105.089291)"
613,569,POUDRE VALLEY HOSPITAL,FORT COLLINS,"1024 SOUTH LEMAY AVENUE FORT COLLINS, CO 80524 (40.573724, -105.05786)"
614,560,DENVER HEALTH MEDICAL CENTER,DENVER,"777 BANNOCK STREET DENVER, CO 80204 (39.72823, -104.990066)"
615,602,CENTURA HEALTH-ST MARY CORWIN MEDICAL CENTER,PUEBLO,"1008 MINNEQUA AVE PUEBLO, CO 81004 (38.233211, -104.622789)"
616,565,MERCY REGIONAL MEDICAL CENTER,DURANGO,"1010 THREE SPRINGS BLVD DURANGO, CO 81301 (37.235054, -107.824841)"
617,563,PRESBYTERIAN ST LUKES MEDICAL CENTER,DENVER,"1719 E 19TH AVE DENVER, CO 80218 (39.746089, -104.967175)"
618,587,CENTURA HEALTH-ST ANTHONY HOSPITAL,LAKEWOOD,"11600 WEST 2ND PLACE LAKEWOOD, CO 80228 (39.717956, -105.127494)"
619,601,"PARKVIEW MEDICAL CENTER, INC",PUEBLO,"400 WEST 16TH STREET PUEBLO, CO 81003 (38.281678, -104.612123)"
620,554,UNIVERSITY COLO HEALTH MEMORIAL HOSPITAL CENTRAL,COLORADO SPRINGS,"1400 EAST BOULDER STREET COLORADO SPRINGS, CO 80909 (38.838812, -104.799951)"
621,575,ST MARYS  MEDICAL CENTER,GRAND JUNCTION,"2635 N 7TH STREET GRAND JUNCTION, CO 81502 (39.090604, -108.561439)"
622,544,UNIVERSITY OF COLORADO HOSPITAL AUTHORITY,AURORA,"12605 EAST 16TH AVENUE AURORA, CO 80045 (39.741364, -104.841275)"
623,545,FOOTHILLS HOSPITAL,BOULDER,"4747 ARAPAHOE AVENUE BOULDER, CO 80303 (40.014808, -105.236337)"
624,563,SAINT JOSEPH HOSPITAL,DENVER,"1375 EAST 19TH AVENUE DENVER, CO 80218 (39.745722, -104.972135)"
625,595,MCKEE MEDICAL CENTER,LOVELAND,"2000 BOISE AVE LOVELAND, CO 80538 (40.413679, -105.053599)"
626,553,CENTURA HEALTH-PENROSE ST FRANCIS HEALTH SERVICES,COLORADO SPRINGS,"2222 NORTH NEVADA AVENUE COLORADO SPRINGS, CO 80907 (38.865568, -104.820123)"
627,564,ROSE MEDICAL CENTER,DENVER,"4567 E 9TH AVENUE DENVER, CO 80220 (39.731076, -104.934011)"
628,567,SWEDISH MEDICAL CENTER,ENGLEWOOD,"501 E HAMPDEN AVENUE ENGLEWOOD, CO 80113 (39.653136, -104.98171)"
629,571,COLORADO PLAINS MEDICAL CENTER,FORT MORGAN,"1000 LINCOLN STREET FORT MORGAN, CO 80701 (40.259344, -103.79621)"
630,607,UCHEALTH YAMPA VALLEY MEDICAL CENTER,STEAMBOAT SPRINGS,"1024 CENTRAL PARK DR STEAMBOAT SPRINGS, CO 80487 (40.462413, -106.81442)"
631,576,COMMUNITY HOSPITAL,GRAND JUNCTION,"2351 'G' ROAD GRAND JUNCTION, CO 81505 (39.106297, -108.615312)"
632,562,CENTURA HEALTH-PORTER ADVENTIST HOSPITAL,DENVER,"2525 SOUTH DOWNING STREET DENVER, CO 80210 (39.67064, -104.973482)"
633,609,NORTH SUBURBAN MEDICAL CENTER,THORNTON,"9191 GRANT ST THORNTON, CO 80229 (39.86438, -104.984783)"
634,559,DELTA COUNTY MEMORIAL HOSPITAL,DELTA,"1501 E 3RD STREET DELTA, CO 81416 (38.743166, -108.047515)"
635,574,VALLEY VIEW HOSPITAL ASSOCIATION,GLENWOOD SPRINGS,"1906 BLAKE AVE GLENWOOD SPRINGS, CO 81601 (39.532859, -107.322794)"
636,608,STERLING REGIONAL MEDCENTER,STERLING,"615 FAIRHURST ST STERLING, CO 80751 (40.613684, -103.220524)"
637,611,VAIL HEALTH HOSPITAL,VAIL,"181 WEST MEADOW DRIVE VAIL, CO 81657 (39.642949, -106.382866)"
638,543,"MEDICAL CENTER OF AURORA, THE",AURORA,"1501 S POTOMAC ST AURORA, CO 80012 (39.689346, -104.83115)"
639,594,CENTURA HEALTH-AVISTA ADVENTIST HOSPITAL,LOUISVILLE,"100 HEALTH PARK DRIVE LOUISVILLE, CO 80027 (39.950847, -105.149154)"
640,613,ST ANTHONY NORTH HEALTH CAMPUS,WESTMINSTER,"14300 ORCHARD PARKWAY WESTMINSTER, CO 80023 (39.95581, -104.993671)"
641,561,NATIONAL JEWISH HEALTH,DENVER,"1400 JACKSON ST DENVER, CO 80206 (39.740019, -104.942892)"
642,591,SKY RIDGE MEDICAL CENTER,LONE TREE,"10101 RIDGEGATE PARKWAY LONE TREE, CO 80124 (39.529323, -104.870269)"
643,590,CENTURA HEALTH-LITTLETON ADVENTIST HOSPITAL,LITTLETON,"7700 S BROADWAY LITTLETON, CO 80122 (39.576554, -104.988489)"
644,600,PARKER ADVENTIST HOSPITAL,PARKER,"9395 CROWN CREST BLVD PARKER, CO 80138 (39.550058, -104.773433)"
645,586,GOOD SAMARITAN MEDICAL CENTER,LAFAYETTE,"200 EXEMPLA CIRCLE LAFAYETTE, CO 80026 (39.969753, -105.083065)"
646,565,"ANIMAS SURGICAL HOSPITAL, LLC",DURANGO,"575 RIVERGATE LANE DURANGO, CO 81301 (37.248889, -107.870774)"
647,572,ST ANTHONY SUMMIT MEDICAL CENTER,FRISCO,"340 PEAK ONE DRIVE FRISCO, CO 80443 (39.569988, -106.078259)"
648,595,MEDICAL CENTER OF THE ROCKIES,LOVELAND,"2500 ROCKY MOUNTAIN AVENUE LOVELAND, CO 80538 (40.415194, -105.001451)"
649,587,ORTHOCOLORADO HOSPITAL AT ST ANTHONY MED CAMPUS,LAKEWOOD,"11650 WEST 2ND PLACE LAKEWOOD, CO 80228 (39.717952, -105.128441)"
650,551,CASTLE ROCK ADVENTIST HOSPITAL,CASTLE ROCK,"2350 MEADOWS BOULEVARD CASTLE ROCK, CO 80109 (39.404112, -104.886146)"
651,570,BANNER FORT COLLINS MEDICAL CENTER,FORT COLLINS,"4700 LADY MOON DR FORT COLLINS, CO 80528 (40.521117, -105.010885)"
652,598,SCL HEALTH COMMUNITY HOSPITAL- NORTHGLENN,NORTHGLENN,"11900 GRANT ST STE 100 NORTHGLENN, CO 80233 (39.911774, -104.986306)"
653,593,LONGS PEAK HOSPITAL,LONGMONT,"1750 E. KEN PRATT BLVD LONGMONT, CO 80504"
654,547,UCHEALTH BROOMFIELD HOSPITAL LLC,BROOMFIELD,"11820 DESTINATION DR BROOMFIELD, CO 80021 (39.9105, -105.093207)"
655,555,UCHEALTH GRANDVIEW HOSPITAL,COLORADO SPRINGS,"5623 PULPIT PEAK VIEW COLORADO SPRINGS, CO 80918 (38.910262, -104.816436)"
656,566,WEISBROD MEMORIAL COUNTY HOSPITAL,EADS,"1208 LUTHER STREET EADS, CO 81036 (38.480198, -102.784468)"
657,558,RIO GRANDE HOSPITAL,DEL NORTE,"310 COUNTY RD 14 DEL NORTE, CO 81132 (37.674371, -106.36481)"
658,573,COLORADO CANYONS HOSPITAL AND MEDICAL CENTER,FRUITA,"300 WEST OTTLEY AVENUE FRUITA, CO 81521 (39.164337, -108.735901)"
659,548,EAST MORGAN COUNTY HOSPITAL,BRUSH,"2400 WEST EDISON STREET BRUSH, CO 80723 (40.254738, -103.649178)"
660,579,HAXTUN HOSPITAL DISTRICT,HAXTUN,"235 W FLETCHER STREET HAXTUN, CO 80731 (40.641386, -102.630866)"
661,580,MELISSA MEMORIAL HOSPITAL,HOLYOKE,"1001 EAST JOHNSON STREET HOLYOKE, CO 80734 (40.578428, -102.290249)"
662,581,LINCOLN COMMUNITY HOSPITAL,HUGO,"111 6TH ST HUGO, CO 80821 (39.13766, -103.473159)"
663,603,RANGELY DISTRICT HOSPITAL,RANGELY,"225 EAGLE CREST DR RANGELY, CO 81648 (40.083253, -108.80099)"
664,584,SAN LUIS VALLEY HEALTH CONEJOS COUNTY HOSPITAL,LA JARA,"19021 US HIGHWAY 285 LA JARA, CO 81140 (37.26375, -105.964095)"
665,616,WRAY COMMUNITY DISTRICT HOSPITAL,WRAY,"1017 WEST 7TH STREET WRAY, CO 80758 (40.075405, -102.23466)"
666,582,SEDGWICK COUNTY MEMORIAL HOSPITAL,JULESBURG,"900 CEDAR STREET JULESBURG, CO 80737 (40.993743, -102.269232)"
667,606,SOUTHEAST COLORADO HOSPITAL,SPRINGFIELD,"373 E TENTH AVE SPRINGFIELD, CO 81073 (37.404165, -102.612423)"
668,568,ESTES PARK MEDICAL CENTER,ESTES PARK,"555 PROSPECT AVENUE ESTES PARK, CO 80517 (40.372259, -105.514088)"
669,549,KIT CARSON COUNTY MEMORIAL HOSPITAL,BURLINGTON,"286 - 16TH STREET BURLINGTON, CO 80807 (39.302378, -102.270711)"
670,557,"MEMORIAL HOSPITAL, THE",CRAIG,"750 HOSPITAL LOOP CRAIG, CO 81625 (40.518288, -107.57863)"
671,617,YUMA DISTRICT HOSPITAL,YUMA,"1000 WEST 8TH AVENUE YUMA, CO 80759 (40.118445, -102.736654)"
672,612,SPANISH PEAKS REGIONAL HEALTH CENTER,WALSENBURG,"23500 US HWY 160 WALSENBURG, CO 81089 (37.607688, -104.819786)"
673,604,GRAND RIVER MEDICAL CENTER,RIFLE,"501 AIRPORT ROAD RIFLE, CO 81650 (39.522587, -107.77201)"
674,583,MIDDLE PARK MEDICAL CENTER,KREMMLING,"214 SOUTH 4TH STREET KREMMLING, CO 80459 (40.0575, -106.391183)"
675,589,ST VINCENT GENERAL HOSPITAL DISTRICT,LEADVILLE,"822 W 4TH STREET LEADVILLE, CO 80461 (39.244392, -106.303302)"
676,578,GUNNISON VALLEY HOSPITAL,GUNNISON,"711 NORTH TAYLOR STREET GUNNISON, CO 81230 (38.551089, -106.924321)"
677,610,MT SAN RAFAEL HOSPITAL,TRINIDAD,"410 BENEDICTA AVENUE TRINIDAD, CO 81082 (37.17338, -104.488796)"
678,605,HEART OF THE ROCKIES REGIONAL MEDICAL CENTER,SALIDA,"1000 RUSH DRIVE SALIDA, CO 81201 (38.543102, -106.007291)"
679,588,PROWERS MEDICAL CENTER,LAMAR,"401 KENDALL DRIVE LAMAR, CO 81052 (38.070915, -102.609068)"
680,542,ASPEN VALLEY HOSPITAL,ASPEN,"401 CASTLE CREEK ROAD ASPEN, CO 81611 (39.190057, -106.837784)"
681,596,PIONEERS MEDICAL CENTER,MEEKER,"100 PIONEERS MEDICAL CENTER DRIVE MEEKER, CO 81641"
682,615,UCHEALTH PIKES PEAK REGIONAL HOSPITAL,WOODLAND PARK,"16420 W HIGHWAY 24 WOODLAND PARK, CO 80863 (38.973932, -105.074267)"
683,556,SOUTHWEST MEMORIAL HOSPITAL,CORTEZ,"1311 N MILDRED RD CORTEZ, CO 81321 (37.36214, -108.572739)"
684,599,PAGOSA SPRINGS MEDICAL CENTER,PAGOSA SPRINGS,"95 SOUTH PAGOSA BOULEVARD PAGOSA SPRINGS, CO 81147 (37.252776, -107.077219)"
685,585,ARKANSAS VALLEY REGIONAL MEDICAL CENTER,LA JUNTA,"1100 CARSON AVENUE LA JUNTA, CO 81050 (37.976929, -103.548742)"
686,552,KEEFE MEMORIAL HOSPITAL,CHEYENNE WELLS,"602 N 6TH W ST CHEYENNE WELLS, CO 80810 (38.825887, -102.355583)"
687,550,CENTURA HEALTH-ST THOMAS MORE HOSPITAL,CANON CITY,"1338 PHAY AVENUE CANON CITY, CO 81212 (38.455747, -105.230264)"
688,544,CHILDRENS HOSPITAL COLORADO,AURORA,"13123 EAST 16TH AVENUE AURORA, CO 80045 (39.741635, -104.835018)"
689,619,ST FRANCIS HOSPITAL & MEDICAL CENTER,HARTFORD,"114 WOODLAND STREET HARTFORD, CT 06105 (41.77508, -72.699468)"
690,622,DAY KIMBALL HOSPITAL,PUTNAM,"320 POMFRET STREET PUTNAM, CT 06260 (41.907746, -71.914692)"
691,624,SHARON HOSPITAL,SHARON,"50 HOSPITAL HILL ROAD SHARON, CT 06069 (41.879662, -73.481572)"
692,629,WATERBURY HOSPITAL,WATERBURY,"64 ROBBINS ST WATERBURY, CT 06721 (41.558269, -73.058608)"
693,626,STAMFORD HOSPITAL,STAMFORD,"ONE HOSPITAL PLAZA STAMFORD, CT 06904"
694,621,LAWRENCE & MEMORIAL HOSPITAL,NEW LONDON,"365 MONTAUK AVE NEW LONDON, CT 06320 (41.336428, -72.103074)"
695,625,JOHNSON MEMORIAL HOSPITAL,STAFFORD SPRINGS,"201 CHESTNUT HILL ROAD STAFFORD SPRINGS, CT 06076"
696,618,BRIDGEPORT HOSPITAL,BRIDGEPORT,"267 GRANT STREET BRIDGEPORT, CT 06610 (41.188776, -73.16608)"
697,627,CHARLOTTE HUNGERFORD HOSPITAL,TORRINGTON,"540 LITCHFIELD ST TORRINGTON, CT 06790 (41.790846, -73.133143)"
698,623,ROCKVILLE GENERAL HOSPITAL,ROCKVILLE,"31 UNION ST ROCKVILLE, CT 06066 (41.866962, -72.450988)"
699,628,SAINT MARY'S HOSPITAL,WATERBURY,"56 FRANKLIN STEET WATERBURY, CT 06706"
700,620,MIDSTATE MEDICAL CENTER,MERIDEN,"435 LEWIS AVENUE MERIDEN, CT 06450 (41.550036, -72.803878)"
